Observation time UTC,Frequency [D/H],Maximum Temperature [Deg C],Data Source (max temp),Minimum Temperature [Deg C],Data Source (min temp),Grass Temperature [Deg C],Data Source (grass temp),Period (max temp),Period (min temp),Period (grass temp),Mean Temperature [Deg C],Period (mean temp),Data Source (mean temp),Mean Relative Humidity [percent]
2020-12-10T20:00:00Z,D,1.8,D,-4.1,D,,,24,24,,-1.2,24,D,
2020-12-11T20:00:00Z,D,0.7,D,-8.9,D,,,24,24,,-4.1,24,D,
2020-12-12T20:00:00Z,D,-3.1,D,-8.8,D,,,24,24,,-6,24,D,
2020-12-13T20:00:00Z,D,-4.9,D,-8.9,D,,,24,24,,-6.9,24,D,
2020-12-14T20:00:00Z,D,0.8,D,-5.9,D,,,24,24,,-2.6,24,D,
2020-12-15T20:00:00Z,D,2.2,D,-7.5,D,,,24,24,,-2.7,24,D,
2020-12-16T20:00:00Z,D,-1.9,D,-11,D,,,24,24,,-6.5,24,D,
2020-12-17T20:00:00Z,D,0.2,D,-7.1,D,,,24,24,,-3.5,24,D,
2020-12-18T20:00:00Z,D,0.5,D,-3.4,D,,,24,24,,-1.5,24,D,
2020-12-19T20:00:00Z,D,3.4,D,-2.4,D,,,24,24,,0.5,24,D,
2020-12-20T20:00:00Z,D,4.5,D,-1.7,D,,,24,24,,1.4,24,D,
2020-12-21T20:00:00Z,D,2.8,D,-1.5,D,,,24,24,,0.7,24,D,
2020-12-22T20:00:00Z,D,2.8,D,-1.8,D,,,24,24,,0.5,24,D,
2020-12-23T20:00:00Z,D,3.3,D,-4.4,D,,,24,24,,-0.6,24,D,
2020-12-24T20:00:00Z,D,1.6,D,-4.5,D,,,24,24,,-1.5,24,D,
2020-12-25T20:00:00Z,D,-1.1,D,-4.3,D,,,24,24,,-2.7,24,D,
2020-12-26T20:00:00Z,D,1.1,D,-3.7,D,,,24,24,,-1.3,24,D,
2020-12-27T20:00:00Z,D,2.3,D,-5.8,D,,,24,24,,-1.8,24,D,
2020-12-28T20:00:00Z,D,-0.6,D,-8.9,D,,,24,24,,-4.8,24,D,
2020-12-29T20:00:00Z,D,-0.2,D,-11.4,D,,,24,24,,-5.8,24,D,
2020-12-30T20:00:00Z,D,1.2,D,-9.4,D,,,24,24,,-4.1,24,D,
2020-12-31T20:00:00Z,D,-2.6,D,-8.2,D,,,24,24,,-5.4,24,D,
2021-01-01T20:00:00Z,D,-2.7,D,-5.8,D,,,24,24,,-4.3,24,D,
2021-01-02T20:00:00Z,D,-0.5,D,-5.4,D,,,24,24,,-3,24,D,
2021-01-03T20:00:00Z,D,0.8,D,-4.4,D,,,24,24,,-1.8,24,D,
2021-01-04T20:00:00Z,D,2.4,D,-4.1,D,,,24,24,,-0.9,24,D,
2021-01-05T20:00:00Z,D,1.3,D,-4.3,D,,,24,24,,-1.5,24,D,
2021-01-06T20:00:00Z,D,1.4,D,-2.6,D,,,24,24,,-0.6,24,D,
2021-01-07T20:00:00Z,D,2.1,D,-7.4,D,,,24,24,,-2.7,24,D,
2021-01-08T20:00:00Z,D,1.5,D,-6.9,D,,,24,24,,-2.7,24,D,
2021-01-09T20:00:00Z,D,2.4,D,-7,D,,,24,24,,-2.3,24,D,
2021-01-10T20:00:00Z,D,0.2,D,-7.5,D,,,24,24,,-3.7,24,D,
2021-01-11T20:00:00Z,D,-1,D,-8.4,D,,,24,24,,-4.7,24,D,
2021-01-12T20:00:00Z,D,-0.6,D,-5,D,,,24,24,,-2.8,24,D,
2021-01-13T20:00:00Z,D,2.1,D,-5.7,D,,,24,24,,-1.8,24,D,
2021-01-14T20:00:00Z,D,-0.7,D,-8.8,D,,,24,24,,-4.8,24,D,
2021-01-15T20:00:00Z,D,-6.1,D,-9.2,D,,,24,24,,-7.7,24,D,
2021-01-16T20:00:00Z,D,0,D,-8.3,D,,,24,24,,-4.2,24,D,
2021-01-17T20:00:00Z,D,1.5,D,-7.2,D,,,24,24,,-2.9,24,D,
2021-01-18T20:00:00Z,D,2.8,D,-3.5,D,,,24,24,,-0.4,24,D,
2021-01-19T20:00:00Z,D,3.9,D,-3.4,D,,,24,24,,0.3,24,D,
2021-01-20T20:00:00Z,D,-0.1,D,-4.4,D,,,24,24,,-2.3,24,D,
2021-01-21T20:00:00Z,D,1.6,D,-3.8,D,,,24,24,,-1.1,24,D,
2021-01-22T20:00:00Z,D,2.6,D,-7,D,,,24,24,,-2.2,24,D,
2021-01-23T20:00:00Z,D,-1.5,D,-9.8,D,,,24,24,,-5.7,24,D,
2021-01-24T20:00:00Z,D,1.4,D,-6.4,D,,,24,24,,-2.5,24,D,
2021-01-25T20:00:00Z,D,-0.9,D,-10.1,D,,,24,24,,-5.5,24,D,
2021-01-26T20:00:00Z,D,0.6,D,-6.5,D,,,24,24,,-3,24,D,
2021-01-27T20:00:00Z,D,1.9,D,-9.5,D,,,24,24,,-3.8,24,D,
2021-01-28T20:00:00Z,D,-2.3,D,-8.1,D,,,24,24,,-5.2,24,D,
2021-01-29T20:00:00Z,D,-4.5,D,-10.6,D,,,24,24,,-7.6,24,D,
2021-01-30T20:00:00Z,D,-1.9,D,-8,D,,,24,24,,-5,24,D,
2021-01-31T20:00:00Z,D,1,D,-11.7,D,,,24,24,,-5.4,24,D,
2021-02-01T20:00:00Z,D,-0.3,D,-15.1,D,,,24,24,,-7.7,24,D,
2021-02-02T20:00:00Z,D,-4.3,D,-12.1,D,,,24,24,,-8.2,24,D,
2021-02-03T20:00:00Z,D,-6.4,D,-10.4,D,,,24,24,,-8.4,24,D,
2021-02-04T20:00:00Z,D,-7.8,D,-10.6,D,,,24,24,,-9.2,24,D,
2021-02-05T20:00:00Z,D,-8,D,-13.8,D,,,24,24,,-10.9,24,D,
2021-02-06T20:00:00Z,D,-6.4,D,-10.2,D,,,24,24,,-8.3,24,D,
2021-02-07T20:00:00Z,D,-1.8,D,-11.5,D,,,24,24,,-6.7,24,D,
2021-02-08T20:00:00Z,D,-0.5,D,-13,D,,,24,24,,-6.8,24,D,
2021-02-09T20:00:00Z,D,-8.6,D,-15.9,D,,,24,24,,-12.3,24,D,
2021-02-10T20:00:00Z,D,-6.2,D,-14.9,D,,,24,24,,-10.6,24,D,
2021-02-11T20:00:00Z,D,-4,D,-10.7,D,,,24,24,,-7.4,24,D,
2021-02-12T20:00:00Z,D,-4.2,D,-10.9,D,,,24,24,,-7.6,24,D,
2021-02-13T20:00:00Z,D,-1.3,D,-11.6,D,,,24,24,,-6.5,24,D,
2021-02-14T20:00:00Z,D,-0.1,D,-20,D,,,24,24,,-10.1,24,D,
2021-02-15T20:00:00Z,D,-2.5,D,-12.1,D,,,24,24,,-7.3,24,D,
2021-02-16T20:00:00Z,D,-1.8,D,-11.5,D,,,24,24,,-6.7,24,D,
2021-02-17T20:00:00Z,D,-9.7,D,-17.1,D,,,24,24,,-13.4,24,D,
2021-02-18T20:00:00Z,D,-13.9,D,-16.9,D,,,24,24,,-15.4,24,D,
2021-02-19T20:00:00Z,D,-13.4,D,-15.8,D,,,24,24,,-14.6,24,D,
2021-02-20T20:00:00Z,D,-12.9,D,-15.5,D,,,24,24,,-14.2,24,D,
2021-02-21T20:00:00Z,D,-12.2,D,-14.7,D,,,24,24,,-13.5,24,D,
2021-02-22T20:00:00Z,D,-5.3,D,-17.3,D,,,24,24,,-11.3,24,D,
2021-02-23T20:00:00Z,D,-11.6,D,-17.8,D,,,24,24,,-14.7,24,D,
2021-02-24T20:00:00Z,D,-8.1,D,-16.7,D,,,24,24,,-12.4,24,D,
2021-02-25T20:00:00Z,D,-5.3,D,-23.6,D,,,24,24,,-14.5,24,D,
2021-02-26T20:00:00Z,D,-11.8,D,-18.4,D,,,24,24,,-15.1,24,D,
2021-02-27T20:00:00Z,D,-9.9,D,-20.4,D,,,24,24,,-15.2,24,D,
2021-02-28T20:00:00Z,D,-12.1,D,-20.9,D,,,24,24,,-16.5,24,D,
2021-03-01T20:00:00Z,D,-12,D,-19.3,D,,,24,24,,-15.7,24,D,
2021-03-02T20:00:00Z,D,-14.1,D,-23.5,D,,,24,24,,-18.8,24,D,
2021-03-03T20:00:00Z,D,-18.1,D,-25.7,D,,,24,24,,-21.9,24,D,
2021-03-04T20:00:00Z,D,-18.1,D,-22.5,D,,,24,24,,-20.3,24,D,
2021-03-05T20:00:00Z,D,-17.1,D,-22.1,D,,,24,24,,-19.6,24,D,
2021-03-06T20:00:00Z,D,-17.5,D,-23.4,D,,,24,24,,-20.5,24,D,
2021-03-07T20:00:00Z,D,-19.4,D,-22.9,D,,,24,24,,-21.2,24,D,
2021-03-08T20:00:00Z,D,-18.2,D,-24.6,D,,,24,24,,-21.4,24,D,
2021-03-09T20:00:00Z,D,-14.8,D,-30.9,D,,,24,24,,-22.9,24,D,
2021-03-10T20:00:00Z,D,-19.6,D,-27.1,D,,,24,24,,-23.4,24,D,
2021-03-11T20:00:00Z,D,-15.9,D,-22.5,D,,,24,24,,-19.2,24,D,
2021-03-12T20:00:00Z,D,-16.9,D,-22.5,D,,,24,24,,-19.7,24,D,
2021-03-13T20:00:00Z,D,-19.3,D,-23.8,D,,,24,24,,-21.6,24,D,
2021-03-14T20:00:00Z,D,-18.2,D,-28.1,D,,,24,24,,-23.2,24,D,
2021-03-15T20:00:00Z,D,-21.7,D,-30.6,D,,,24,24,,-26.2,24,D,
2021-03-16T20:00:00Z,D,-16.4,D,-27.4,D,,,24,24,,-21.9,24,D,
2021-03-17T20:00:00Z,D,-15.7,D,-21.4,D,,,24,24,,-18.6,24,D,
2021-03-18T20:00:00Z,D,-8.8,D,-21.9,D,,,24,24,,-15.4,24,D,
2021-03-19T20:00:00Z,D,-13,D,-21.6,D,,,24,24,,-17.3,24,D,
2021-03-20T20:00:00Z,D,-14.3,D,-23.9,D,,,24,24,,-19.1,24,D,
2021-03-21T20:00:00Z,D,-13.3,D,-33,D,,,24,24,,-23.2,24,D,
2021-03-22T20:00:00Z,D,-14,D,-23.8,D,,,24,24,,-18.9,24,D,
2021-03-23T20:00:00Z,D,-10.5,D,-20.8,D,,,24,24,,-15.7,24,D,
2021-03-24T20:00:00Z,D,-12.8,D,-22.9,D,,,24,24,,-17.9,24,D,
2021-03-25T20:00:00Z,D,-11.2,D,-26.1,D,,,24,24,,-18.7,24,D,
2021-03-26T20:00:00Z,D,-6.1,D,-16.3,D,,,24,24,,-11.2,24,D,
2021-03-27T20:00:00Z,D,-11.1,D,-19.8,D,,,24,24,,-15.5,24,D,
2021-03-28T20:00:00Z,D,-6.2,D,-14.6,D,,,24,24,,-10.4,24,D,
2021-03-29T20:00:00Z,D,-9.2,D,-21.1,D,,,24,24,,-15.2,24,D,
2021-03-30T20:00:00Z,D,-20.6,D,-22.4,D,,,24,24,,-21.5,24,D,
2021-03-31T20:00:00Z,D,-16.5,D,-25.8,D,,,24,24,,-21.2,24,D,
2021-04-01T20:00:00Z,D,-9.6,D,-24.7,D,,,24,24,,-17.2,24,D,
2021-04-02T20:00:00Z,D,-10,D,-15.4,D,,,24,24,,-12.7,24,D,
2021-04-03T21:00:00Z,D,-14,D,-19.6,D,,,24,24,,-16.8,24,D,
2021-04-04T21:00:00Z,D,-15.1,D,-25.8,D,,,24,24,,-20.5,24,D,
2021-04-05T21:00:00Z,D,-16.2,D,-24.6,D,,,24,24,,-20.4,24,D,
2021-04-06T21:00:00Z,D,-15.3,D,-30.7,D,,,24,24,,-23,24,D,
2021-04-07T21:00:00Z,D,-18,D,-26,D,,,24,24,,-22,24,D,
2021-04-08T21:00:00Z,D,-24.4,D,-27.3,D,,,24,24,,-25.9,24,D,
2021-04-09T21:00:00Z,D,-23.8,D,-29,D,,,24,24,,-26.4,24,D,
2021-04-10T21:00:00Z,D,-20,D,-29,D,,,24,24,,-24.5,24,D,
2021-04-11T21:00:00Z,D,-21.7,D,-27.7,D,,,24,24,,-24.7,24,D,
2021-04-12T21:00:00Z,D,-21.1,D,-29.1,D,,,24,24,,-25.1,24,D,
2021-04-13T21:00:00Z,D,-22.2,D,-33.3,D,,,24,24,,-27.8,24,D,
2021-04-14T21:00:00Z,D,-21.6,D,-33.5,D,,,24,24,,-27.6,24,D,
2021-04-15T21:00:00Z,D,-25.5,D,-34.6,D,,,24,24,,-30.1,24,D,
2021-04-16T21:00:00Z,D,-27.5,D,-37.2,D,,,24,24,,-32.4,24,D,
2021-04-17T21:00:00Z,D,-29,D,-36.4,D,,,24,24,,-32.7,24,D,
2021-04-18T21:00:00Z,D,-35.9,D,-42.6,D,,,24,24,,-39.3,24,D,
2021-04-19T21:00:00Z,D,-28.3,D,-40.4,D,,,24,24,,-34.4,24,D,
2021-04-20T21:00:00Z,D,-26.1,D,-37.6,D,,,24,24,,-31.9,24,D,
2021-04-21T21:00:00Z,D,-28.7,D,-44.7,D,,,24,24,,-36.7,24,D,
2021-04-22T21:00:00Z,D,-35.1,D,-45.6,D,,,24,24,,-40.4,24,D,
2021-04-23T21:00:00Z,D,-30.4,D,-40,D,,,24,24,,-35.2,24,D,
2021-04-24T21:00:00Z,D,-30.8,D,-44.5,D,,,24,24,,-37.7,24,D,
2021-04-25T21:00:00Z,D,-30.7,D,-47.7,D,,,24,24,,-39.2,24,D,
2021-04-26T21:00:00Z,D,-31.1,D,-41.9,D,,,24,24,,-36.5,24,D,
2021-04-27T21:00:00Z,D,-21.9,D,-38.1,D,,,24,24,,-30,24,D,
2021-04-28T21:00:00Z,D,-18.1,D,-29.8,D,,,24,24,,-24,24,D,
2021-04-29T21:00:00Z,D,-21.2,D,-30.2,D,,,24,24,,-25.7,24,D,
2021-04-30T21:00:00Z,D,-21.2,D,-36.8,D,,,24,24,,-29,24,D,
2021-05-01T21:00:00Z,D,-21,D,-32,D,,,24,24,,-26.5,24,D,
2021-05-02T21:00:00Z,D,-20.4,D,-35.7,D,,,24,24,,-28.1,24,D,
2021-05-03T21:00:00Z,D,-10.5,D,-22.1,D,,,24,24,,-16.3,24,D,
2021-05-04T21:00:00Z,D,-13.3,D,-19.3,D,,,24,24,,-16.3,24,D,
2021-05-05T21:00:00Z,D,-17.4,D,-25.3,D,,,24,24,,-21.4,24,D,
2021-05-06T21:00:00Z,D,-24.4,D,-30.3,D,,,24,24,,-27.4,24,D,
2021-05-07T21:00:00Z,D,-20.5,D,-26.6,D,,,24,24,,-23.6,24,D,
2021-05-08T21:00:00Z,D,-21,D,-28.9,D,,,24,24,,-25,24,D,
2021-05-09T21:00:00Z,D,-28.4,D,-37.2,D,,,24,24,,-32.8,24,D,
2021-05-10T21:00:00Z,D,-31.4,D,-42.8,D,,,24,24,,-37.1,24,D,
2021-05-11T21:00:00Z,D,-26.4,D,-41,D,,,24,24,,-33.7,24,D,
2021-05-12T21:00:00Z,D,-25.5,D,-33.1,D,,,24,24,,-29.3,24,D,
2021-05-13T21:00:00Z,D,-27.7,D,-37.9,D,,,24,24,,-32.8,24,D,
2021-05-14T21:00:00Z,D,-23.3,D,-38.8,D,,,24,24,,-31.1,24,D,
2021-05-15T21:00:00Z,D,-26.5,D,-38.9,D,,,24,24,,-32.7,24,D,
2021-05-16T21:00:00Z,D,-27.5,D,-41.8,D,,,24,24,,-34.7,24,D,
2021-05-17T21:00:00Z,D,-26.8,D,-42.4,D,,,24,24,,-34.6,24,D,
2021-05-18T21:00:00Z,D,-27.5,D,-38.6,D,,,24,24,,-33.1,24,D,
2021-05-19T21:00:00Z,D,-29.2,D,-34.4,D,,,24,24,,-31.8,24,D,
2021-05-20T21:00:00Z,D,-25.7,D,-38.7,D,,,24,24,,-32.2,24,D,
2021-05-21T21:00:00Z,D,-30.5,D,-42.8,D,,,24,24,,-36.7,24,D,
2021-05-22T21:00:00Z,D,-26.2,D,-42.6,D,,,24,24,,-34.4,24,D,
2021-05-23T21:00:00Z,D,-20.2,D,-31.3,D,,,24,24,,-25.8,24,D,
2021-05-24T21:00:00Z,D,-20,D,-29.3,D,,,24,24,,-24.7,24,D,
2021-05-25T21:00:00Z,D,-13.3,D,-22.4,D,,,24,24,,-17.9,24,D,
2021-05-26T21:00:00Z,D,-12.5,D,-19.9,D,,,24,24,,-16.2,24,D,
2021-05-27T21:00:00Z,D,-9,D,-15.6,D,,,24,24,,-12.3,24,D,
2021-05-28T21:00:00Z,D,-8.6,D,-12.3,D,,,24,24,,-10.5,24,D,
2021-05-29T21:00:00Z,D,-9.8,D,-14.7,D,,,24,24,,-12.3,24,D,
2021-05-30T21:00:00Z,D,-10.4,D,-24.3,D,,,24,24,,-17.4,24,D,
2021-05-31T21:00:00Z,D,-15.7,D,-26.8,D,,,24,24,,-21.3,24,D,
2021-06-01T21:00:00Z,D,-15.8,D,-20.3,D,,,24,24,,-18.1,24,D,
2021-06-02T21:00:00Z,D,-16.9,D,-29,D,,,24,24,,-23,24,D,
2021-06-03T21:00:00Z,D,-21.4,D,-35.2,D,,,24,24,,-28.3,24,D,
2021-06-04T21:00:00Z,D,-21.8,D,-38.4,D,,,24,24,,-30.1,24,D,
2021-06-05T21:00:00Z,D,-22.5,D,-37,D,,,24,24,,-29.8,24,D,
2021-06-06T21:00:00Z,D,-15.2,D,-28.4,D,,,24,24,,-21.8,24,D,
2021-06-07T21:00:00Z,D,-14.3,D,-23.4,D,,,24,24,,-18.9,24,D,
2021-06-08T21:00:00Z,D,-20,D,-31,D,,,24,24,,-25.5,24,D,
2021-06-09T21:00:00Z,D,-26.9,D,-34.9,D,,,24,24,,-30.9,24,D,
2021-06-10T21:00:00Z,D,-29.5,D,-35,D,,,24,24,,-32.3,24,D,
2021-06-11T21:00:00Z,D,-29.4,D,-36.7,D,,,24,24,,-33.1,24,D,
2021-06-12T21:00:00Z,D,-27.9,D,-38.8,D,,,24,24,,-33.4,24,D,
2021-06-13T21:00:00Z,D,-24.6,D,-38.3,D,,,24,24,,-31.5,24,D,
2021-06-14T21:00:00Z,D,-25,D,-41.2,D,,,24,24,,-33.1,24,D,
2021-06-15T21:00:00Z,D,-23,D,-36.8,D,,,24,24,,-29.9,24,D,
2021-06-16T21:00:00Z,D,-17.7,D,-37.2,D,,,24,24,,-27.5,24,D,
2021-06-17T21:00:00Z,D,-14.7,D,-33.1,D,,,24,24,,-23.9,24,D,
2021-06-18T21:00:00Z,D,-15.6,D,-21.8,D,,,24,24,,-18.7,24,D,
2021-06-19T21:00:00Z,D,-16.7,D,-32.2,D,,,24,24,,-24.5,24,D,
2021-06-20T21:00:00Z,D,-13.3,D,-31,D,,,24,24,,-22.2,24,D,
2021-06-21T21:00:00Z,D,-10.4,D,-15.1,D,,,24,24,,-12.8,24,D,
2021-06-22T21:00:00Z,D,-12.7,D,-26.4,D,,,24,24,,-19.6,24,D,
2021-06-23T21:00:00Z,D,-11.6,D,-17.3,D,,,24,24,,-14.5,24,D,
2021-06-24T21:00:00Z,D,-13.2,D,-24.6,D,,,24,24,,-18.9,24,D,
2021-06-25T21:00:00Z,D,-15.5,D,-32.5,D,,,24,24,,-24,24,D,
2021-06-26T21:00:00Z,D,-16.7,D,-27,D,,,24,24,,-21.9,24,D,
2021-06-27T21:00:00Z,D,-16.6,D,-28.6,D,,,24,24,,-22.6,24,D,
2021-06-28T21:00:00Z,D,-21,D,-36.4,D,,,24,24,,-28.7,24,D,
2021-06-29T21:00:00Z,D,-23.3,D,-34.4,D,,,24,24,,-28.9,24,D,
2021-06-30T21:00:00Z,D,-18.5,D,-34.8,D,,,24,24,,-26.7,24,D,
2021-07-01T21:00:00Z,D,-22.9,D,-36.3,D,,,24,24,,-29.6,24,D,
2021-07-02T21:00:00Z,D,-17,D,-30.1,D,,,24,24,,-23.6,24,D,
2021-07-03T21:00:00Z,D,-14.7,D,-26.2,D,,,24,24,,-20.5,24,D,
2021-07-04T21:00:00Z,D,-17.6,D,-26.4,D,,,24,24,,-22,24,D,
2021-07-05T21:00:00Z,D,-17.5,D,-26.4,D,,,24,24,,-22,24,D,
2021-07-06T21:00:00Z,D,-13.2,D,-29.6,D,,,24,24,,-21.4,24,D,
2021-07-07T21:00:00Z,D,-12.4,D,-27.1,D,,,24,24,,-19.8,24,D,
2021-07-08T21:00:00Z,D,-11.7,D,-20,D,,,24,24,,-15.9,24,D,
2021-07-09T21:00:00Z,D,-8.1,D,-15.4,D,,,24,24,,-11.8,24,D,
2021-07-10T21:00:00Z,D,-6.1,D,-18.5,D,,,24,24,,-12.3,24,D,
2021-07-11T21:00:00Z,D,-14.1,D,-23.1,D,,,24,24,,-18.6,24,D,
2021-07-12T21:00:00Z,D,-14.9,D,-21.6,D,,,24,24,,-18.3,24,D,
2021-07-13T21:00:00Z,D,-17.5,D,-26.9,D,,,24,24,,-22.2,24,D,
2021-07-14T21:00:00Z,D,-18.2,D,-24.5,D,,,24,24,,-21.4,24,D,
2021-07-15T21:00:00Z,D,-18.4,D,-26.6,D,,,24,24,,-22.5,24,D,
2021-07-16T21:00:00Z,D,-14.6,D,-28,D,,,24,24,,-21.3,24,D,
2021-07-17T21:00:00Z,D,-16,D,-22.1,D,,,24,24,,-19.1,24,D,
2021-07-18T21:00:00Z,D,-21.5,D,-26.3,D,,,24,24,,-23.9,24,D,
2021-07-19T21:00:00Z,D,-19.9,D,-32.7,D,,,24,24,,-26.3,24,D,
2021-07-20T21:00:00Z,D,-17.6,D,-24.9,D,,,24,24,,-21.3,24,D,
2021-07-21T21:00:00Z,D,-23.2,D,-30.2,D,,,24,24,,-26.7,24,D,
2021-07-22T21:00:00Z,D,-17.2,D,-28.3,D,,,24,24,,-22.8,24,D,
2021-07-23T21:00:00Z,D,-14.3,D,-19.2,D,,,24,24,,-16.8,24,D,
2021-07-24T21:00:00Z,D,-12.5,D,-20.6,D,,,24,24,,-16.6,24,D,
2021-07-25T21:00:00Z,D,-12,D,-35,D,,,24,24,,-23.5,24,D,
2021-07-26T21:00:00Z,D,-19,D,-38.4,D,,,24,24,,-28.7,24,D,
2021-07-27T21:00:00Z,D,-28.2,D,-34.6,D,,,24,24,,-31.4,24,D,
2021-07-28T21:00:00Z,D,-29.4,D,-37.9,D,,,24,24,,-33.7,24,D,
2021-07-29T21:00:00Z,D,-25.1,D,-35.4,D,,,24,24,,-30.3,24,D,
2021-07-30T21:00:00Z,D,-24.2,D,-39,D,,,24,24,,-31.6,24,D,
2021-07-31T21:00:00Z,D,-13.2,D,-32.8,D,,,24,24,,-23,24,D,
2021-08-01T21:00:00Z,D,-9.2,D,-35.2,D,,,24,24,,-22.2,24,D,
2021-08-02T21:00:00Z,D,-27.1,D,-40.8,D,,,24,24,,-34,24,D,
2021-08-03T21:00:00Z,D,-23.9,D,-37.9,D,,,24,24,,-30.9,24,D,
2021-08-04T21:00:00Z,D,-26.1,D,-31.2,D,,,24,24,,-28.7,24,D,
2021-08-05T21:00:00Z,D,-25.9,D,-35.3,D,,,24,24,,-30.6,24,D,
2021-08-06T21:00:00Z,D,-27,D,-40.7,D,,,24,24,,-33.9,24,D,
2021-08-07T21:00:00Z,D,-27.2,D,-36.4,D,,,24,24,,-31.8,24,D,
2021-08-08T21:00:00Z,D,-27.8,D,-37.4,D,,,24,24,,-32.6,24,D,
2021-08-09T21:00:00Z,D,-35.3,D,-46.5,D,,,24,24,,-40.9,24,D,
2021-08-10T21:00:00Z,D,-36.4,D,-45.7,D,,,24,24,,-41.1,24,D,
2021-08-11T21:00:00Z,D,-32.1,D,-43.6,D,,,24,24,,-37.9,24,D,
2021-08-12T21:00:00Z,D,-31.2,D,-38.8,D,,,24,24,,-35,24,D,
2021-08-13T21:00:00Z,D,-31.2,D,-42.1,D,,,24,24,,-36.7,24,D,
2021-08-14T21:00:00Z,D,-34.3,D,-37.4,D,,,24,24,,-35.9,24,D,
2021-08-15T21:00:00Z,D,-34.2,D,-42.3,D,,,24,24,,-38.3,24,D,
2021-08-16T21:00:00Z,D,-35.3,D,-49.7,D,,,24,24,,-42.5,24,D,
2021-08-17T21:00:00Z,D,-33.6,D,-45.9,D,,,24,24,,-39.8,24,D,
2021-08-18T21:00:00Z,D,-36.8,D,-53.2,D,,,24,24,,-45,24,D,
2021-08-19T21:00:00Z,D,-31,D,-48.6,D,,,24,24,,-39.8,24,D,
2021-08-20T21:00:00Z,D,-26.3,D,-43.7,D,,,24,24,,-35,24,D,
2021-08-21T21:00:00Z,D,-27.3,D,-40.5,D,,,24,24,,-33.9,24,D,
2021-08-22T21:00:00Z,D,-29.3,D,-38.2,D,,,24,24,,-33.8,24,D,
2021-08-23T21:00:00Z,D,-25.5,D,-36.6,D,,,24,24,,-31.1,24,D,
2021-08-24T21:00:00Z,D,-20.3,D,-39,D,,,24,24,,-29.7,24,D,
2021-08-25T21:00:00Z,D,-19.5,D,-30,D,,,24,24,,-24.8,24,D,
2021-08-26T21:00:00Z,D,-17,D,-29,D,,,24,24,,-23,24,D,
2021-08-27T21:00:00Z,D,-11.7,D,-23.9,D,,,24,24,,-17.8,24,D,
2021-08-28T21:00:00Z,D,-17.2,D,-29.9,D,,,24,24,,-23.6,24,D,
2021-08-29T21:00:00Z,D,-20.6,D,-36.5,D,,,24,24,,-28.6,24,D,
2021-08-30T21:00:00Z,D,-22.2,D,-34,D,,,24,24,,-28.1,24,D,
2021-08-31T21:00:00Z,D,-25.2,D,-37.2,D,,,24,24,,-31.2,24,D,
2021-09-01T21:00:00Z,D,-21.3,D,-38,D,,,24,24,,-29.7,24,D,
2021-09-02T21:00:00Z,D,-18.9,D,-37.7,D,,,24,24,,-28.3,24,D,
2021-09-03T21:00:00Z,D,-18.1,D,-30.4,D,,,24,24,,-24.3,24,D,
2021-09-04T21:00:00Z,D,-19,D,-32.8,D,,,24,24,,-25.9,24,D,
2021-09-05T21:00:00Z,D,-13.5,D,-29.6,D,,,24,24,,-21.6,24,D,
2021-09-06T21:00:00Z,D,-11.8,D,-27.1,D,,,24,24,,-19.5,24,D,
2021-09-07T21:00:00Z,D,-18.6,D,-27.1,D,,,24,24,,-22.9,24,D,
2021-09-08T21:00:00Z,D,-17.9,D,-30.3,D,,,24,24,,-24.1,24,D,
2021-09-09T21:00:00Z,D,-12.6,D,-32.5,D,,,24,24,,-22.6,24,D,
2021-09-10T21:00:00Z,D,-13.6,D,-22.6,D,,,24,24,,-18.1,24,D,
2021-09-11T21:00:00Z,D,-14.3,D,-23,D,,,24,24,,-18.7,24,D,
2021-09-12T21:00:00Z,D,-16.2,D,-32.4,D,,,24,24,,-24.3,24,D,
2021-09-13T21:00:00Z,D,-23.2,D,-31.2,D,,,24,24,,-27.2,24,D,
2021-09-14T21:00:00Z,D,-22.2,D,-31.4,D,,,24,24,,-26.8,24,D,
2021-09-15T21:00:00Z,D,-20.1,D,-33.9,D,,,24,24,,-27,24,D,
2021-09-16T21:00:00Z,D,-20.6,D,-34.1,D,,,24,24,,-27.4,24,D,
2021-09-17T21:00:00Z,D,-18.7,D,-32.8,D,,,24,24,,-25.8,24,D,
2021-09-18T21:00:00Z,D,-16.7,D,-24.7,D,,,24,24,,-20.7,24,D,
2021-09-19T21:00:00Z,D,-18.4,D,-27.2,D,,,24,24,,-22.8,24,D,
2021-09-20T21:00:00Z,D,-18.8,D,-25.7,D,,,24,24,,-22.3,24,D,
2021-09-21T21:00:00Z,D,-18,D,-27.7,D,,,24,24,,-22.9,24,D,
2021-09-22T21:00:00Z,D,-17.6,D,-23.8,D,,,24,24,,-20.7,24,D,
2021-09-23T21:00:00Z,D,-19,D,-25.4,D,,,24,24,,-22.2,24,D,
2021-09-24T21:00:00Z,D,-15.3,D,-25.2,D,,,24,24,,-20.3,24,D,
2021-09-25T20:00:00Z,D,-18.3,D,-26.4,D,,,24,24,,-22.4,24,D,
2021-09-26T20:00:00Z,D,-21.1,D,-30,D,,,24,24,,-25.6,24,D,
2021-09-27T20:00:00Z,D,-22,D,-30.4,D,,,24,24,,-26.2,24,D,
2021-09-28T20:00:00Z,D,-26.2,D,-37.3,D,,,24,24,,-31.8,24,D,
2021-09-29T20:00:00Z,D,-27.3,D,-36.5,D,,,24,24,,-31.9,24,D,
2021-09-30T20:00:00Z,D,-16.6,D,-30.2,D,,,24,24,,-23.4,24,D,
2021-10-01T20:00:00Z,D,-16,D,-27.5,D,,,24,24,,-21.8,24,D,
2021-10-02T20:00:00Z,D,-13.6,D,-21.4,D,,,24,24,,-17.5,24,D,
2021-10-03T20:00:00Z,D,-13.9,D,-26.8,D,,,24,24,,-20.4,24,D,
2021-10-04T20:00:00Z,D,-11.4,D,-24.6,D,,,24,24,,-18,24,D,
2021-10-05T20:00:00Z,D,-19.1,D,-29.5,D,,,24,24,,-24.3,24,D,
2021-10-06T20:00:00Z,D,-16.4,D,-29,D,,,24,24,,-22.7,24,D,
2021-10-07T20:00:00Z,D,-11.7,D,-30,D,,,24,24,,-20.9,24,D,
2021-10-08T20:00:00Z,D,-11,D,-22.1,D,,,24,24,,-16.6,24,D,
2021-10-09T20:00:00Z,D,-14.9,D,-24.9,D,,,24,24,,-19.9,24,D,
2021-10-10T20:00:00Z,D,-12.3,D,-25.4,D,,,24,24,,-18.9,24,D,
2021-10-11T20:00:00Z,D,-12.7,D,-24.4,D,,,24,24,,-18.6,24,D,
2021-10-12T20:00:00Z,D,-15.9,D,-26,D,,,24,24,,-21,24,D,
2021-10-13T20:00:00Z,D,-16.7,D,-25.7,D,,,24,24,,-21.2,24,D,
2021-10-14T20:00:00Z,D,-15,D,-26.4,D,,,24,24,,-20.7,24,D,
2021-10-15T20:00:00Z,D,-12.9,D,-24.8,D,,,24,24,,-18.9,24,D,
2021-10-16T20:00:00Z,D,-14.2,D,-23.6,D,,,24,24,,-18.9,24,D,
2021-10-17T20:00:00Z,D,-11.6,D,-21.7,D,,,24,24,,-16.7,24,D,
2021-10-18T20:00:00Z,D,-10.9,D,-19.1,D,,,24,24,,-15,24,D,
2021-10-19T20:00:00Z,D,-13.5,D,-21.6,D,,,24,24,,-17.6,24,D,
2021-10-20T20:00:00Z,D,-11.8,D,-24.8,D,,,24,24,,-18.3,24,D,
2021-10-21T20:00:00Z,D,-14.4,D,-26.9,D,,,24,24,,-20.7,24,D,
2021-10-22T20:00:00Z,D,-13.3,D,-24.9,D,,,24,24,,-19.1,24,D,
2021-10-23T20:00:00Z,D,-15.4,D,-20.8,D,,,24,24,,-18.1,24,D,
2021-10-24T20:00:00Z,D,-14.2,D,-23.7,D,,,24,24,,-19,24,D,
2021-10-25T20:00:00Z,D,-12.1,D,-19,D,,,24,24,,-15.6,24,D,
2021-10-26T20:00:00Z,D,-8.7,D,-17.1,D,,,24,24,,-12.9,24,D,
2021-10-27T20:00:00Z,D,-8,D,-19.7,D,,,24,24,,-13.9,24,D,
2021-10-28T20:00:00Z,D,-12,D,-20.5,D,,,24,24,,-16.3,24,D,
2021-10-29T20:00:00Z,D,-8.9,D,-15.2,D,,,24,24,,-12.1,24,D,
2021-10-30T20:00:00Z,D,-8,D,-18.9,D,,,24,24,,-13.5,24,D,
2021-10-31T20:00:00Z,D,-7.6,D,-16.8,D,,,24,24,,-12.2,24,D,
2021-11-01T20:00:00Z,D,-13.3,D,-23.7,D,,,24,24,,-18.5,24,D,
2021-11-02T20:00:00Z,D,-15.7,D,-23.6,D,,,24,24,,-19.7,24,D,
2021-11-03T20:00:00Z,D,-12,D,-20.7,D,,,24,24,,-16.4,24,D,
2021-11-04T20:00:00Z,D,-7,D,-17.2,D,,,24,24,,-12.1,24,D,
2021-11-05T20:00:00Z,D,-8.6,D,-15.5,D,,,24,24,,-12.1,24,D,
2021-11-06T20:00:00Z,D,-8.3,D,-13,D,,,24,24,,-10.7,24,D,
2021-11-07T20:00:00Z,D,-7,D,-13.5,D,,,24,24,,-10.3,24,D,
2021-11-08T20:00:00Z,D,-6.9,D,-13,D,,,24,24,,-10,24,D,
2021-11-09T20:00:00Z,D,-5.7,D,-16.6,D,,,24,24,,-11.2,24,D,
2021-11-10T20:00:00Z,D,-6.7,D,-15.7,D,,,24,24,,-11.2,24,D,
2021-11-11T20:00:00Z,D,-8,D,-17.5,D,,,24,24,,-12.8,24,D,
2021-11-12T20:00:00Z,D,-6.2,D,-13.4,D,,,24,24,,-9.8,24,D,
2021-11-13T20:00:00Z,D,-5.2,D,-13.1,D,,,24,24,,-9.2,24,D,
2021-11-14T20:00:00Z,D,-7.7,D,-14.8,D,,,24,24,,-11.3,24,D,
2021-11-15T20:00:00Z,D,-7.7,D,-13.9,D,,,24,24,,-10.8,24,D,
2021-11-16T20:00:00Z,D,-4.6,D,-9.8,D,,,24,24,,-7.2,24,D,
2021-11-17T20:00:00Z,D,-3.8,D,-11.5,D,,,24,24,,-7.7,24,D,
2021-11-18T20:00:00Z,D,-4.4,D,-10.9,D,,,24,24,,-7.7,24,D,
2021-11-19T20:00:00Z,D,-5.5,D,-12.1,D,,,24,24,,-8.8,24,D,
2021-11-20T20:00:00Z,D,-6.2,D,-11,D,,,24,24,,-8.6,24,D,
2021-11-21T20:00:00Z,D,-4.2,D,-12.3,D,,,24,24,,-8.3,24,D,
2021-11-22T20:00:00Z,D,-1.8,D,-11,D,,,24,24,,-6.4,24,D,
2021-11-23T20:00:00Z,D,-2.9,D,-8.8,D,,,24,24,,-5.9,24,D,
2021-11-24T20:00:00Z,D,-4.5,D,-11.9,D,,,24,24,,-8.2,24,D,
2021-11-25T20:00:00Z,D,-2.2,D,-10.8,D,,,24,24,,-6.5,24,D,
2021-11-26T20:00:00Z,D,-5.2,D,-9.8,D,,,24,24,,-7.5,24,D,
2021-11-27T20:00:00Z,D,-5.5,D,-8.9,D,,,24,24,,-7.2,24,D,
2021-11-28T20:00:00Z,D,-3.1,D,-7.2,D,,,24,24,,-5.2,24,D,
2021-11-29T20:00:00Z,D,-3.3,D,-8.6,D,,,24,24,,-6,24,D,
2021-11-30T20:00:00Z,D,-2.3,D,-8.9,D,,,24,24,,-5.6,24,D,
2021-12-01T20:00:00Z,D,-1.3,D,-9.4,D,,,24,24,,-5.4,24,D,
2021-12-02T20:00:00Z,D,-2.2,D,-7.5,D,,,24,24,,-4.9,24,D,
2021-12-03T20:00:00Z,D,0.8,D,-9,D,,,24,24,,-4.1,24,D,
2021-12-04T20:00:00Z,D,-3.3,D,-9.6,D,,,24,24,,-6.5,24,D,
2021-12-05T20:00:00Z,D,-3.6,D,-8.3,D,,,24,24,,-6,24,D,
2021-12-06T20:00:00Z,D,-1.7,D,-6.5,D,,,24,24,,-4.1,24,D,
2021-12-07T20:00:00Z,D,-1.5,D,-4,D,,,24,24,,-2.8,24,D,
2021-12-08T20:00:00Z,D,-1.3,D,-6.4,D,,,24,24,,-3.9,24,D,
2021-12-09T20:00:00Z,D,-1.4,D,-8.4,D,,,24,24,,-4.9,24,D,
2021-12-10T20:00:00Z,D,1.3,D,-4.7,D,,,24,24,,-1.7,24,D,
2021-12-11T20:00:00Z,D,1.2,D,-3.8,D,,,24,24,,-1.3,24,D,
2021-12-12T20:00:00Z,D,0.5,D,-3.2,D,,,24,24,,-1.4,24,D,
2021-12-13T20:00:00Z,D,2.2,D,-3.6,D,,,24,24,,-0.7,24,D,
2021-12-14T20:00:00Z,D,0.9,D,-4.3,D,,,24,24,,-1.7,24,D,
2021-12-15T20:00:00Z,D,2.3,D,-1.7,D,,,24,24,,0.3,24,D,
2021-12-16T20:00:00Z,D,1.1,D,-2.7,D,,,24,24,,-0.8,24,D,
2021-12-17T20:00:00Z,D,3.4,D,-7,D,,,24,24,,-1.8,24,D,
2021-12-18T20:00:00Z,D,0.4,D,-5.3,D,,,24,24,,-2.5,24,D,
2021-12-19T20:00:00Z,D,4.7,D,-1.4,D,,,24,24,,1.7,24,D,
2021-12-20T20:00:00Z,D,4.6,D,-1.9,D,,,24,24,,1.4,24,D,
2021-12-21T20:00:00Z,D,4.8,D,-6.8,D,,,24,24,,-1,24,D,
2021-12-22T20:00:00Z,D,-1.3,D,-6.4,D,,,24,24,,-3.9,24,D,
2021-12-23T20:00:00Z,D,1.2,D,-3.6,D,,,24,24,,-1.2,24,D,
2021-12-24T20:00:00Z,D,1.8,D,-1.8,D,,,24,24,,0,24,D,
2021-12-25T20:00:00Z,D,3.4,D,-3.4,D,,,24,24,,0,24,D,
2021-12-26T20:00:00Z,D,2.1,D,-8.1,D,,,24,24,,-3,24,D,
2021-12-27T20:00:00Z,D,-4.6,D,-7.9,D,,,24,24,,-6.3,24,D,
2021-12-28T20:00:00Z,D,-2.4,D,-6,D,,,24,24,,-4.2,24,D,
2021-12-29T20:00:00Z,D,-1.3,D,-7.2,D,,,24,24,,-4.3,24,D,
2021-12-30T20:00:00Z,D,-1.4,D,-7.3,D,,,24,24,,-4.4,24,D,
2021-12-31T20:00:00Z,D,1.3,D,-5.7,D,,,24,24,,-2.2,24,D,
2022-01-01T20:00:00Z,D,-0.6,D,-7.7,D,,,24,24,,-4.2,24,D,
2022-01-02T20:00:00Z,D,0.7,D,-3.3,D,,,24,24,,-1.3,24,D,
2022-01-03T20:00:00Z,D,0.7,D,-8,D,,,24,24,,-3.7,24,D,
2022-01-04T20:00:00Z,D,-2.9,D,-8.2,D,,,24,24,,-5.6,24,D,
2022-01-05T20:00:00Z,D,-1.6,D,-7.8,D,,,24,24,,-4.7,24,D,
2022-01-06T20:00:00Z,D,-1.4,D,-12.2,D,,,24,24,,-6.8,24,D,
2022-01-07T20:00:00Z,D,-3.3,D,-14.9,D,,,24,24,,-9.1,24,D,
2022-01-08T20:00:00Z,D,-6.9,D,-13,D,,,24,24,,-10,24,D,
2022-01-09T20:00:00Z,D,-5.1,D,-10.5,D,,,24,24,,-7.8,24,D,
2022-01-10T20:00:00Z,D,-4.5,D,-10.4,D,,,24,24,,-7.5,24,D,
2022-01-11T20:00:00Z,D,-2.2,D,-10.3,D,,,24,24,,-6.3,24,D,
2022-01-12T20:00:00Z,D,-2.7,D,-9.8,D,,,24,24,,-6.3,24,D,
2022-01-13T20:00:00Z,D,-0.7,D,-8.4,D,,,24,24,,-4.6,24,D,
2022-01-14T20:00:00Z,D,-5,D,-10.7,D,,,24,24,,-7.9,24,D,
2022-01-15T20:00:00Z,D,-5.8,D,-13.1,D,,,24,24,,-9.5,24,D,
2022-01-16T20:00:00Z,D,-2.2,D,-10.5,D,,,24,24,,-6.4,24,D,
2022-01-17T20:00:00Z,D,3,D,-3.7,D,,,24,24,,-0.4,24,D,
2022-01-18T20:00:00Z,D,2.4,D,-2.9,D,,,24,24,,-0.3,24,D,
2022-01-19T20:00:00Z,D,1.5,D,-6.6,D,,,24,24,,-2.6,24,D,
2022-01-20T20:00:00Z,D,1.5,D,-5.5,D,,,24,24,,-2,24,D,
2022-01-21T20:00:00Z,D,0.3,D,-4.9,D,,,24,24,,-2.3,24,D,
2022-01-22T20:00:00Z,D,-0.3,D,-5.9,D,,,24,24,,-3.1,24,D,
2022-01-23T20:00:00Z,D,0.2,D,-8,D,,,24,24,,-3.9,24,D,
2022-01-24T20:00:00Z,D,-1.2,D,-6.1,D,,,24,24,,-3.7,24,D,
2022-01-25T20:00:00Z,D,2.4,D,-4.3,D,,,24,24,,-1,24,D,
2022-01-26T20:00:00Z,D,2.2,D,-3.5,D,,,24,24,,-0.7,24,D,
2022-01-27T20:00:00Z,D,-0.6,D,-5.1,D,,,24,24,,-2.9,24,D,
2022-01-28T20:00:00Z,D,0.5,D,-13.4,D,,,24,24,,-6.5,24,D,
2022-01-29T20:00:00Z,D,-3.9,D,-10.9,D,,,24,24,,-7.4,24,D,
2022-01-30T20:00:00Z,D,-0.2,D,-7.7,D,,,24,24,,-4,24,D,
2022-01-31T20:00:00Z,D,0.1,D,-6.2,D,,,24,24,,-3.1,24,D,
2022-02-01T20:00:00Z,D,-1.9,D,-6.9,D,,,24,24,,-4.4,24,D,
2022-02-02T20:00:00Z,D,-3.3,D,-5.8,D,,,24,24,,-4.6,24,D,
2022-02-03T20:00:00Z,D,-0.3,D,-9.8,D,,,24,24,,-5.1,24,D,
2022-02-04T20:00:00Z,D,-1,D,-11.2,D,,,24,24,,-6.1,24,D,
2022-02-05T20:00:00Z,D,-3.3,D,-10.8,D,,,24,24,,-7.1,24,D,
2022-02-06T20:00:00Z,D,-7,D,-10.4,D,,,24,24,,-8.7,24,D,
2022-02-07T20:00:00Z,D,-3.3,D,-10,D,,,24,24,,-6.7,24,D,
2022-02-08T20:00:00Z,D,1.4,D,-6.8,D,,,24,24,,-2.7,24,D,
2022-02-09T20:00:00Z,D,2.6,D,-1.8,D,,,24,24,,0.4,24,D,
2022-02-10T20:00:00Z,D,2.7,D,-3.9,D,,,24,24,,-0.6,24,D,
2022-02-11T20:00:00Z,D,1.1,D,-9.8,D,,,24,24,,-4.4,24,D,
2022-02-12T20:00:00Z,D,-2.3,D,-8.7,D,,,24,24,,-5.5,24,D,
2022-02-13T20:00:00Z,D,1.1,D,-10.7,D,,,24,24,,-4.8,24,D,
2022-02-14T20:00:00Z,D,-1.9,D,-8.1,D,,,24,24,,-5,24,D,
2022-02-15T20:00:00Z,D,-2.3,D,-10.2,D,,,24,24,,-6.3,24,D,
2022-02-16T20:00:00Z,D,-9.6,D,-11.6,D,,,24,24,,-10.6,24,D,
2022-02-17T20:00:00Z,D,-9.1,D,-12.5,D,,,24,24,,-10.8,24,D,
2022-02-18T20:00:00Z,D,-11.9,D,-13.3,D,,,24,24,,-12.6,24,D,
2022-02-19T20:00:00Z,D,-10.5,D,-13.1,D,,,24,24,,-11.8,24,D,
2022-02-20T20:00:00Z,D,-11.5,D,-21.4,D,,,24,24,,-16.5,24,D,
2022-02-21T20:00:00Z,D,-14,D,-19.2,D,,,24,24,,-16.6,24,D,
2022-02-22T20:00:00Z,D,-16.2,D,-18.9,D,,,24,24,,-17.6,24,D,
2022-02-23T20:00:00Z,D,-14.8,D,-19.2,D,,,24,24,,-17,24,D,
2022-02-24T20:00:00Z,D,-7.3,D,-16.4,D,,,24,24,,-11.9,24,D,
2022-02-25T20:00:00Z,D,-7,D,-10.8,D,,,24,24,,-8.9,24,D,
2022-02-26T20:00:00Z,D,-9,D,-22.3,D,,,24,24,,-15.7,24,D,
2022-02-27T20:00:00Z,D,-12.4,D,-18.9,D,,,24,24,,-15.7,24,D,
2022-02-28T20:00:00Z,D,-14.4,D,-17.8,D,,,24,24,,-16.1,24,D,
2022-03-01T20:00:00Z,D,-13.5,D,-18.6,D,,,24,24,,-16.1,24,D,
2022-03-02T20:00:00Z,D,-10.7,D,-17.9,D,,,24,24,,-14.3,24,D,
2022-03-03T20:00:00Z,D,-9.3,D,-14.4,D,,,24,24,,-11.9,24,D,
2022-03-04T20:00:00Z,D,-10.3,D,-17.1,D,,,24,24,,-13.7,24,D,
2022-03-05T20:00:00Z,D,-12.5,D,-18.3,D,,,24,24,,-15.4,24,D,
2022-03-06T20:00:00Z,D,-9.3,D,-21.2,D,,,24,24,,-15.3,24,D,
2022-03-07T20:00:00Z,D,-9.3,D,-17.1,D,,,24,24,,-13.2,24,D,
2022-03-08T20:00:00Z,D,-15.3,D,-20.8,D,,,24,24,,-18.1,24,D,
2022-03-09T20:00:00Z,D,-18.4,D,-21.4,D,,,24,24,,-19.9,24,D,
2022-03-10T20:00:00Z,D,-17,D,-22.3,D,,,24,24,,-19.7,24,D,
2022-03-11T20:00:00Z,D,-12.3,D,-25.6,D,,,24,24,,-19,24,D,
2022-03-12T20:00:00Z,D,-10.8,D,-20.6,D,,,24,24,,-15.7,24,D,
2022-03-13T20:00:00Z,D,-9.5,D,-18.3,D,,,24,24,,-13.9,24,D,
2022-03-14T20:00:00Z,D,-11.3,D,-17.9,D,,,24,24,,-14.6,24,D,
2022-03-15T20:00:00Z,D,-4.7,D,-14,D,,,24,24,,-9.4,24,D,
2022-03-16T20:00:00Z,D,-2.2,D,-8.9,D,,,24,24,,-5.6,24,D,
2022-03-17T20:00:00Z,D,-5.5,D,-19.6,D,,,24,24,,-12.6,24,D,
2022-03-18T20:00:00Z,D,-6.2,D,-19.7,D,,,24,24,,-13,24,D,
2022-03-19T20:00:00Z,D,-7.4,D,-19.7,D,,,24,24,,-13.6,24,D,
2022-03-20T20:00:00Z,D,-12,D,-21.6,D,,,24,24,,-16.8,24,D,
2022-03-21T20:00:00Z,D,-15,D,-27.5,D,,,24,24,,-21.3,24,D,
2022-03-22T20:00:00Z,D,-15.5,D,-23.7,D,,,24,24,,-19.6,24,D,
2022-03-23T20:00:00Z,D,-20.3,D,-24.3,D,,,24,24,,-22.3,24,D,
2022-03-24T20:00:00Z,D,-17.8,D,-26.7,D,,,24,24,,-22.3,24,D,
2022-03-25T20:00:00Z,D,-20.4,D,-30.1,D,,,24,24,,-25.3,24,D,
2022-03-26T20:00:00Z,D,-17.1,D,-25.6,D,,,24,24,,-21.4,24,D,
2022-03-27T20:00:00Z,D,-19.2,D,-29.7,D,,,24,24,,-24.5,24,D,
2022-03-28T20:00:00Z,D,-19.9,D,-30.2,D,,,24,24,,-25.1,24,D,
2022-03-29T20:00:00Z,D,-18.3,D,-26.1,D,,,24,24,,-22.2,24,D,
2022-03-30T20:00:00Z,D,-11.6,D,-18.4,D,,,24,24,,-15,24,D,
2022-03-31T20:00:00Z,D,-11.7,D,-18.8,D,,,24,24,,-15.3,24,D,
2022-04-01T20:00:00Z,D,-13.8,D,-25.1,D,,,24,24,,-19.5,24,D,
2022-04-02T21:00:00Z,D,-17.3,D,-25.2,D,,,24,24,,-21.3,24,D,
2022-04-03T21:00:00Z,D,-14.8,D,-26.7,D,,,24,24,,-20.8,24,D,
2022-04-04T21:00:00Z,D,-13,D,-17.6,D,,,24,24,,-15.3,24,D,
2022-04-05T21:00:00Z,D,-15,D,-22.2,D,,,24,24,,-18.6,24,D,
2022-04-06T21:00:00Z,D,-17.8,D,-24.8,D,,,24,24,,-21.3,24,D,
2022-04-07T21:00:00Z,D,-14,D,-23.4,D,,,24,24,,-18.7,24,D,
2022-04-08T21:00:00Z,D,-11.9,D,-16,D,,,24,24,,-14,24,D,
2022-04-09T21:00:00Z,D,-10.6,D,-14.8,D,,,24,24,,-12.7,24,D,
2022-04-10T21:00:00Z,D,-10,D,-14.6,D,,,24,24,,-12.3,24,D,
2022-04-11T21:00:00Z,D,-14.2,D,-21.8,D,,,24,24,,-18,24,D,
2022-04-12T21:00:00Z,D,-21.7,D,-27,D,,,24,24,,-24.4,24,D,
2022-04-13T21:00:00Z,D,-20.9,D,-29.2,D,,,24,24,,-25.1,24,D,
2022-04-14T21:00:00Z,D,-21.9,D,-26.1,D,,,24,24,,-24,24,D,
2022-04-15T21:00:00Z,D,-26.1,D,-29.1,D,,,24,24,,-27.6,24,D,
2022-04-16T21:00:00Z,D,-22.9,D,-28.7,D,,,24,24,,-25.8,24,D,
2022-04-17T21:00:00Z,D,-21.1,D,-23.2,D,,,24,24,,-22.2,24,D,
2022-04-18T21:00:00Z,D,-19.7,D,-26,D,,,24,24,,-22.9,24,D,
2022-04-19T21:00:00Z,D,-22.5,D,-28.3,D,,,24,24,,-25.4,24,D,
2022-04-20T21:00:00Z,D,-23.8,D,-29.7,D,,,24,24,,-26.8,24,D,
2022-04-21T21:00:00Z,D,-24.5,D,-33.9,D,,,24,24,,-29.2,24,D,
2022-04-22T21:00:00Z,D,-28.3,D,-35.3,D,,,24,24,,-31.8,24,D,
2022-04-23T21:00:00Z,D,-28,D,-39.5,D,,,24,24,,-33.8,24,D,
2022-04-24T21:00:00Z,D,-22.3,D,-35,D,,,24,24,,-28.7,24,D,
2022-04-25T21:00:00Z,D,-19.2,D,-29.3,D,,,24,24,,-24.3,24,D,
2022-04-26T21:00:00Z,D,-20,D,-34.9,D,,,24,24,,-27.5,24,D,
2022-04-27T21:00:00Z,D,-13.7,D,-20.4,D,,,24,24,,-17.1,24,D,
2022-04-28T21:00:00Z,D,-11.7,D,-25.8,D,,,24,24,,-18.8,24,D,
2022-04-29T21:00:00Z,D,-16.3,D,-30.6,D,,,24,24,,-23.5,24,D,
2022-04-30T21:00:00Z,D,-12.7,D,-33.8,D,,,24,24,,-23.3,24,D,
2022-05-01T21:00:00Z,D,-12.5,D,-21.4,D,,,24,24,,-17,24,D,
2022-05-02T21:00:00Z,D,-10.3,D,-17.2,D,,,24,24,,-13.8,24,D,
2022-05-03T21:00:00Z,D,-11.5,D,-24.8,D,,,24,24,,-18.2,24,D,
2022-05-04T21:00:00Z,D,-20.2,D,-26.5,D,,,24,24,,-23.4,24,D,
2022-05-05T21:00:00Z,D,-17.6,D,-26.3,D,,,24,24,,-22,24,D,
2022-05-06T21:00:00Z,D,-18,D,-27.4,D,,,24,24,,-22.7,24,D,
2022-05-07T21:00:00Z,D,-15.2,D,-24.2,D,,,24,24,,-19.7,24,D,
2022-05-08T21:00:00Z,D,-14.4,D,-21.8,D,,,24,24,,-18.1,24,D,
2022-05-09T21:00:00Z,D,-17.1,D,-27.8,D,,,24,24,,-22.5,24,D,
2022-05-10T21:00:00Z,D,-17.5,D,-31.1,D,,,24,24,,-24.3,24,D,
2022-05-11T21:00:00Z,D,-16.3,D,-25.3,D,,,24,24,,-20.8,24,D,
2022-05-12T21:00:00Z,D,-12.2,D,-25.1,D,,,24,24,,-18.7,24,D,
2022-05-13T21:00:00Z,D,-10.4,D,-16.8,D,,,24,24,,-13.6,24,D,
2022-05-14T21:00:00Z,D,-10.5,D,-26.4,D,,,24,24,,-18.5,24,D,
2022-05-15T21:00:00Z,D,-10.2,D,-20.9,D,,,24,24,,-15.6,24,D,
2022-05-16T21:00:00Z,D,-15.8,D,-28.4,D,,,24,24,,-22.1,24,D,
2022-05-17T21:00:00Z,D,-20,D,-26.1,D,,,24,24,,-23.1,24,D,
2022-05-18T21:00:00Z,D,-13.5,D,-20.9,D,,,24,24,,-17.2,24,D,
2022-05-19T21:00:00Z,D,-14.8,D,-29.7,D,,,24,24,,-22.3,24,D,
2022-05-20T21:00:00Z,D,-13.2,D,-27.2,D,,,24,24,,-20.2,24,D,
2022-05-21T21:00:00Z,D,-22.1,D,-30.1,D,,,24,24,,-26.1,24,D,
2022-05-22T21:00:00Z,D,-23.8,D,-29.1,D,,,24,24,,-26.5,24,D,
2022-05-23T21:00:00Z,D,-21.7,D,-28.4,D,,,24,24,,-25.1,24,D,
2022-05-24T21:00:00Z,D,-23.8,D,-30,D,,,24,24,,-26.9,24,D,
2022-05-25T21:00:00Z,D,-17.2,D,-29.1,D,,,24,24,,-23.2,24,D,
2022-05-26T21:00:00Z,D,-11.6,D,-19.6,D,,,24,24,,-15.6,24,D,
2022-05-27T21:00:00Z,D,-10.1,D,-24.8,D,,,24,24,,-17.5,24,D,
2022-05-28T21:00:00Z,D,-13.6,D,-25.8,D,,,24,24,,-19.7,24,D,
2022-05-29T21:00:00Z,D,-8.7,D,-20.7,D,,,24,24,,-14.7,24,D,
2022-05-30T21:00:00Z,D,-6.9,D,-10.8,D,,,24,24,,-8.9,24,D,
2022-05-31T21:00:00Z,D,-5.6,D,-8.9,D,,,24,24,,-7.3,24,D,
2022-06-01T21:00:00Z,D,-8.9,D,-22.7,D,,,24,24,,-15.8,24,D,
2022-06-02T21:00:00Z,D,-14,D,-22.3,D,,,24,24,,-18.2,24,D,
2022-06-03T21:00:00Z,D,-17.6,D,-27.4,D,,,24,24,,-22.5,24,D,
2022-06-04T21:00:00Z,D,-23.8,D,-26.7,D,,,24,24,,-25.3,24,D,
2022-06-05T21:00:00Z,D,-26.6,D,-30.3,D,,,24,24,,-28.5,24,D,
2022-06-06T21:00:00Z,D,-20.3,D,-31.8,D,,,24,24,,-26.1,24,D,
2022-06-07T21:00:00Z,D,-15,D,-34.7,D,,,24,24,,-24.9,24,D,
2022-06-08T21:00:00Z,D,-11.3,D,-29.4,D,,,24,24,,-20.4,24,D,
2022-06-09T21:00:00Z,D,-8.6,D,-32.2,D,,,24,24,,-20.4,24,D,
2022-06-10T21:00:00Z,D,-11.6,D,-26.8,D,,,24,24,,-19.2,24,D,
2022-06-11T21:00:00Z,D,-8.8,D,-25.9,D,,,24,24,,-17.4,24,D,
2022-06-12T21:00:00Z,D,-9.1,D,-17.5,D,,,24,24,,-13.3,24,D,
2022-06-13T21:00:00Z,D,-10.3,D,-13.7,D,,,24,24,,-12,24,D,
2022-06-14T21:00:00Z,D,-6.6,D,-20.9,D,,,24,24,,-13.8,24,D,
2022-06-15T21:00:00Z,D,-10.3,D,-20.5,D,,,24,24,,-15.4,24,D,
2022-06-16T21:00:00Z,D,-14.6,D,-22.2,D,,,24,24,,-18.4,24,D,
2022-06-17T21:00:00Z,D,-14.6,D,-23.3,D,,,24,24,,-19,24,D,
2022-06-18T21:00:00Z,D,-14.5,D,-31.4,D,,,24,24,,-23,24,D,
2022-06-19T21:00:00Z,D,-20.5,D,-28.3,D,,,24,24,,-24.4,24,D,
2022-06-20T21:00:00Z,D,-21.7,D,-31.9,D,,,24,24,,-26.8,24,D,
2022-06-21T21:00:00Z,D,-27.9,D,-39.1,D,,,24,24,,-33.5,24,D,
2022-06-22T21:00:00Z,D,-27,D,-42.9,D,,,24,24,,-35,24,D,
2022-06-23T21:00:00Z,D,-29.8,D,-44.4,D,,,24,24,,-37.1,24,D,
2022-06-24T21:00:00Z,D,-29.1,D,-44.5,D,,,24,24,,-36.8,24,D,
2022-06-25T21:00:00Z,D,-28.1,D,-43.3,D,,,24,24,,-35.7,24,D,
2022-06-26T21:00:00Z,D,-28.9,D,-44.4,D,,,24,24,,-36.7,24,D,
2022-06-27T21:00:00Z,D,-33.1,D,-36.2,D,,,24,24,,-34.7,24,D,
2022-06-28T21:00:00Z,D,-32.3,D,-40.8,D,,,24,24,,-36.6,24,D,
2022-06-29T21:00:00Z,D,-30.5,D,-40,D,,,24,24,,-35.3,24,D,
2022-06-30T21:00:00Z,D,-15.6,D,-32.6,D,,,24,24,,-24.1,24,D,
2022-07-01T21:00:00Z,D,-16.4,D,-22.1,D,,,24,24,,-19.3,24,D,
2022-07-02T21:00:00Z,D,-12,D,-24.8,D,,,24,24,,-18.4,24,D,
2022-07-03T21:00:00Z,D,-14,D,-17.2,D,,,24,24,,-15.6,24,D,
2022-07-04T21:00:00Z,D,-13.1,D,-31.7,D,,,24,24,,-22.4,24,D,
2022-07-05T21:00:00Z,D,-10.6,D,-25.2,D,,,24,24,,-17.9,24,D,
2022-07-06T21:00:00Z,D,-13.4,D,-31.5,D,,,24,24,,-22.5,24,D,
2022-07-07T21:00:00Z,D,-24.2,D,-36.6,D,,,24,24,,-30.4,24,D,
2022-07-08T21:00:00Z,D,-21.7,D,-27.9,D,,,24,24,,-24.8,24,D,
2022-07-09T21:00:00Z,D,-24.9,D,-35.8,D,,,24,24,,-30.4,24,D,
2022-07-10T21:00:00Z,D,-22,D,-32.1,D,,,24,24,,-27.1,24,D,
2022-07-11T21:00:00Z,D,-18.8,D,-36.2,D,,,24,24,,-27.5,24,D,
2022-07-12T21:00:00Z,D,-17.2,D,-23.9,D,,,24,24,,-20.6,24,D,
2022-07-13T21:00:00Z,D,-18.9,D,-24.1,D,,,24,24,,-21.5,24,D,
2022-07-14T21:00:00Z,D,-19.9,D,-27.9,D,,,24,24,,-23.9,24,D,
2022-07-15T21:00:00Z,D,-26.9,D,-33.8,D,,,24,24,,-30.4,24,D,
2022-07-16T21:00:00Z,D,-25.1,D,-33.7,D,,,24,24,,-29.4,24,D,
2022-07-17T21:00:00Z,D,-22.1,D,-31,D,,,24,24,,-26.6,24,D,
2022-07-18T21:00:00Z,D,-18.7,D,-26.1,D,,,24,24,,-22.4,24,D,
2022-07-19T21:00:00Z,D,-16.3,D,-25,D,,,24,24,,-20.7,24,D,
2022-07-20T21:00:00Z,D,-15.1,D,-21.6,D,,,24,24,,-18.4,24,D,
2022-07-21T21:00:00Z,D,-13.8,D,-22.4,D,,,24,24,,-18.1,24,D,
2022-07-22T21:00:00Z,D,-15.7,D,-34.4,D,,,24,24,,-25.1,24,D,
2022-07-23T21:00:00Z,D,-17.3,D,-39.4,D,,,24,24,,-28.4,24,D,
2022-07-24T21:00:00Z,D,-20.9,D,-36.9,D,,,24,24,,-28.9,24,D,
2022-07-25T21:00:00Z,D,-20.4,D,-35.9,D,,,24,24,,-28.2,24,D,
2022-07-26T21:00:00Z,D,-19.8,D,-32.3,D,,,24,24,,-26.1,24,D,
2022-07-27T21:00:00Z,D,-16.4,D,-29.8,D,,,24,24,,-23.1,24,D,
2022-07-28T21:00:00Z,D,-14.6,D,-29.5,D,,,24,24,,-22.1,24,D,
2022-07-29T21:00:00Z,D,-16.2,D,-33.7,D,,,24,24,,-25,24,D,
2022-07-30T21:00:00Z,D,-20.9,D,-31.2,D,,,24,24,,-26.1,24,D,
2022-07-31T21:00:00Z,D,-12.8,D,-23.1,D,,,24,24,,-18,24,D,
2022-08-01T21:00:00Z,D,-12.9,D,-22.4,D,,,24,24,,-17.7,24,D,
2022-08-02T21:00:00Z,D,-15.9,D,-26.6,D,,,24,24,,-21.3,24,D,
2022-08-03T21:00:00Z,D,-14.1,D,-23.9,D,,,24,24,,-19,24,D,
2022-08-04T21:00:00Z,D,-10.8,D,-15.6,D,,,24,24,,-13.2,24,D,
2022-08-05T21:00:00Z,D,-9.8,D,-21.9,D,,,24,24,,-15.9,24,D,
2022-08-06T21:00:00Z,D,-20.2,D,-28.4,D,,,24,24,,-24.3,24,D,
2022-08-07T21:00:00Z,D,-19.4,D,-30.4,D,,,24,24,,-24.9,24,D,
2022-08-08T21:00:00Z,D,-19.7,D,-29.4,D,,,24,24,,-24.6,24,D,
2022-08-09T21:00:00Z,D,-14.1,D,-26.6,D,,,24,24,,-20.4,24,D,
2022-08-10T21:00:00Z,D,-11.5,D,-15.4,D,,,24,24,,-13.5,24,D,
2022-08-11T21:00:00Z,D,-8.1,D,-14.8,D,,,24,24,,-11.5,24,D,
2022-08-12T21:00:00Z,D,-8.3,D,-21.2,D,,,24,24,,-14.8,24,D,
2022-08-13T21:00:00Z,D,-10,D,-28.7,D,,,24,24,,-19.4,24,D,
2022-08-14T21:00:00Z,D,-16.6,D,-24,D,,,24,24,,-20.3,24,D,
2022-08-15T21:00:00Z,D,-16.9,D,-25.1,D,,,24,24,,-21,24,D,
2022-08-16T21:00:00Z,D,-20.6,D,-29.4,D,,,24,24,,-25,24,D,
2022-08-17T21:00:00Z,D,-23.3,D,-33.4,D,,,24,24,,-28.4,24,D,
2022-08-18T21:00:00Z,D,-31.1,D,-40.1,D,,,24,24,,-35.6,24,D,
2022-08-19T21:00:00Z,D,-26.7,D,-38.9,D,,,24,24,,-32.8,24,D,
2022-08-20T21:00:00Z,D,-29,D,-41.2,D,,,24,24,,-35.1,24,D,
2022-08-21T21:00:00Z,D,-30.7,D,-44.9,D,,,24,24,,-37.8,24,D,
2022-08-22T21:00:00Z,D,-31.7,D,-45.5,D,,,24,24,,-38.6,24,D,
2022-08-23T21:00:00Z,D,-27.2,D,-38.2,D,,,24,24,,-32.7,24,D,
2022-08-24T21:00:00Z,D,-31.3,D,-41.2,D,,,24,24,,-36.3,24,D,
2022-08-25T21:00:00Z,D,-27.3,D,-41.3,D,,,24,24,,-34.3,24,D,
2022-08-26T21:00:00Z,D,-23.5,D,-36,D,,,24,24,,-29.8,24,D,
2022-08-27T21:00:00Z,D,-20.5,D,-40.9,D,,,24,24,,-30.7,24,D,
2022-08-28T21:00:00Z,D,-20.1,D,-32.6,D,,,24,24,,-26.4,24,D,
2022-08-29T21:00:00Z,D,-20.6,D,-35.7,D,,,24,24,,-28.2,24,D,
2022-08-30T21:00:00Z,D,-24.8,D,-39.8,D,,,24,24,,-32.3,24,D,
2022-08-31T21:00:00Z,D,-21.7,D,-32.9,D,,,24,24,,-27.3,24,D,
2022-09-01T21:00:00Z,D,-19.7,D,-33.2,D,,,24,24,,-26.5,24,D,
2022-09-02T21:00:00Z,D,-27.8,D,-34.1,D,,,24,24,,-31,24,D,
2022-09-03T21:00:00Z,D,-26.4,D,-37.2,D,,,24,24,,-31.8,24,D,
2022-09-04T21:00:00Z,D,-25.6,D,-39.2,D,,,24,24,,-32.4,24,D,
2022-09-05T21:00:00Z,D,-24.2,D,-33,D,,,24,24,,-28.6,24,D,
2022-09-06T21:00:00Z,D,-29.1,D,-37,D,,,24,24,,-33.1,24,D,
2022-09-07T21:00:00Z,D,-29.7,D,-36.8,D,,,24,24,,-33.3,24,D,
2022-09-08T21:00:00Z,D,-22.1,D,-37.1,D,,,24,24,,-29.6,24,D,
2022-09-09T21:00:00Z,D,-22,D,-31.7,D,,,24,24,,-26.9,24,D,
2022-09-10T21:00:00Z,D,-24.4,D,-34.2,D,,,24,24,,-29.3,24,D,
2022-09-11T21:00:00Z,D,-20.8,D,-33.4,D,,,24,24,,-27.1,24,D,
2022-09-12T21:00:00Z,D,-17.3,D,-32.5,D,,,24,24,,-24.9,24,D,
2022-09-13T21:00:00Z,D,-18,D,-30.5,D,,,24,24,,-24.3,24,D,
2022-09-14T21:00:00Z,D,-13,D,-23.6,D,,,24,24,,-18.3,24,D,
2022-09-15T21:00:00Z,D,-10.8,D,-16.8,D,,,24,24,,-13.8,24,D,
2022-09-16T21:00:00Z,D,-11.5,D,-16.9,D,,,24,24,,-14.2,24,D,
2022-09-17T21:00:00Z,D,-9.9,D,-20,D,,,24,24,,-15,24,D,
2022-09-18T21:00:00Z,D,-16.9,D,-27.2,D,,,24,24,,-22.1,24,D,
2022-09-19T21:00:00Z,D,-22.5,D,-36.2,D,,,24,24,,-29.4,24,D,
2022-09-20T21:00:00Z,D,-22.1,D,-33.8,D,,,24,24,,-28,24,D,
2022-09-21T21:00:00Z,D,-19.7,D,-31.3,D,,,24,24,,-25.5,24,D,
2022-09-22T21:00:00Z,D,-23.1,D,-30,D,,,24,24,,-26.6,24,D,
2022-09-23T21:00:00Z,D,-14.4,D,-30.2,D,,,24,24,,-22.3,24,D,
2022-09-24T20:00:00Z,D,-10.6,D,-15.9,D,,,24,24,,-13.3,24,D,
2022-09-25T20:00:00Z,D,-9.6,D,-22.6,D,,,24,24,,-16.1,24,D,
2022-09-26T20:00:00Z,D,-10.4,D,-18.3,D,,,24,24,,-14.4,24,D,
2022-09-27T20:00:00Z,D,-15.2,D,-22.3,D,,,24,24,,-18.8,24,D,
2022-09-28T20:00:00Z,D,-21.3,D,-28.2,D,,,24,24,,-24.8,24,D,
2022-09-29T20:00:00Z,D,-24.6,D,-32.1,D,,,24,24,,-28.4,24,D,
2022-09-30T20:00:00Z,D,-19.9,D,-30.2,D,,,24,24,,-25.1,24,D,
2022-10-01T20:00:00Z,D,-14.6,D,-30,D,,,24,24,,-22.3,24,D,
2022-10-02T20:00:00Z,D,-15,D,-29.5,D,,,24,24,,-22.3,24,D,
2022-10-03T20:00:00Z,D,-15.1,D,-22.1,D,,,24,24,,-18.6,24,D,
2022-10-04T20:00:00Z,D,-15,D,-22.7,D,,,24,24,,-18.9,24,D,
2022-10-05T20:00:00Z,D,-10,D,-28,D,,,24,24,,-19,24,D,
2022-10-06T20:00:00Z,D,-22.2,D,-30.5,D,,,24,24,,-26.4,24,D,
2022-10-07T20:00:00Z,D,-8.7,D,-23,D,,,24,24,,-15.9,24,D,
2022-10-08T20:00:00Z,D,-10.4,D,-20.3,D,,,24,24,,-15.4,24,D,
2022-10-09T20:00:00Z,D,-8.8,D,-24.6,D,,,24,24,,-16.7,24,D,
2022-10-10T20:00:00Z,D,-18.2,D,-25.3,D,,,24,24,,-21.8,24,D,
2022-10-11T20:00:00Z,D,-15.8,D,-25.5,D,,,24,24,,-20.7,24,D,
2022-10-12T20:00:00Z,D,-13.7,D,-26.1,D,,,24,24,,-19.9,24,D,
2022-10-13T20:00:00Z,D,-12.5,D,-18.1,D,,,24,24,,-15.3,24,D,
2022-10-14T20:00:00Z,D,-10.5,D,-22.4,D,,,24,24,,-16.5,24,D,
2022-10-15T20:00:00Z,D,-13.1,D,-25.1,D,,,24,24,,-19.1,24,D,
2022-10-16T20:00:00Z,D,-14.4,D,-24.8,D,,,24,24,,-19.6,24,D,
2022-10-17T20:00:00Z,D,-14.8,D,-28.5,D,,,24,24,,-21.7,24,D,
2022-10-18T20:00:00Z,D,-15.1,D,-30.8,D,,,24,24,,-23,24,D,
2022-10-19T20:00:00Z,D,-15.2,D,-28.6,D,,,24,24,,-21.9,24,D,
2022-10-20T20:00:00Z,D,-11.2,D,-16.9,D,,,24,24,,-14.1,24,D,
2022-10-21T20:00:00Z,D,-13.5,D,-24.5,D,,,24,24,,-19,24,D,
2022-10-22T20:00:00Z,D,-19.7,D,-22.6,D,,,24,24,,-21.2,24,D,
2022-10-23T20:00:00Z,D,-19.8,D,-26.5,D,,,24,24,,-23.2,24,D,
2022-10-24T20:00:00Z,D,-20.7,D,-26.6,D,,,24,24,,-23.7,24,D,
2022-10-25T20:00:00Z,D,-21.9,D,-24.1,D,,,24,24,,-23,24,D,
2022-10-26T20:00:00Z,D,-9.5,D,-22.9,D,,,24,24,,-16.2,24,D,
2022-10-27T20:00:00Z,D,-7.5,D,-16.4,D,,,24,24,,-12,24,D,
2022-10-28T20:00:00Z,D,-10.7,D,-18.7,D,,,24,24,,-14.7,24,D,
2022-10-29T20:00:00Z,D,-6.5,D,-16.2,D,,,24,24,,-11.4,24,D,
2022-10-30T20:00:00Z,D,-12.9,D,-18.6,D,,,24,24,,-15.8,24,D,
2022-10-31T20:00:00Z,D,-10.5,D,-18,D,,,24,24,,-14.3,24,D,
2022-11-01T20:00:00Z,D,-10,D,-19.2,D,,,24,24,,-14.6,24,D,
2022-11-02T20:00:00Z,D,-12,D,-20.1,D,,,24,24,,-16.1,24,D,
2022-11-03T20:00:00Z,D,-14,D,-25.8,D,,,24,24,,-19.9,24,D,
2022-11-04T20:00:00Z,D,-20.6,D,-28.8,D,,,24,24,,-24.7,24,D,
2022-11-05T20:00:00Z,D,-14.6,D,-27.3,D,,,24,24,,-21,24,D,
2022-11-06T20:00:00Z,D,-17.1,D,-24.7,D,,,24,24,,-20.9,24,D,
2022-11-07T20:00:00Z,D,-17.6,D,-24.1,D,,,24,24,,-20.9,24,D,
2022-11-08T20:00:00Z,D,-16.4,D,-22.6,D,,,24,24,,-19.5,24,D,
2022-11-09T20:00:00Z,D,-19,D,-24,D,,,24,24,,-21.5,24,D,
2022-11-10T20:00:00Z,D,-14.9,D,-25.6,D,,,24,24,,-20.3,24,D,
2022-11-11T20:00:00Z,D,-13.8,D,-19.9,D,,,24,24,,-16.9,24,D,
2022-11-12T20:00:00Z,D,-18.2,D,-24.8,D,,,24,24,,-21.5,24,D,
2022-11-13T20:00:00Z,D,-14.5,D,-23.4,D,,,24,24,,-19,24,D,
2022-11-14T20:00:00Z,D,-12,D,-16.8,D,,,24,24,,-14.4,24,D,
2022-11-15T20:00:00Z,D,-11,D,-17.5,D,,,24,24,,-14.3,24,D,
2022-11-16T20:00:00Z,D,-13.5,D,-24.8,D,,,24,24,,-19.2,24,D,
2022-11-17T20:00:00Z,D,-13.4,D,-22.4,D,,,24,24,,-17.9,24,D,
2022-11-18T20:00:00Z,D,-9.4,D,-19.2,D,,,24,24,,-14.3,24,D,
2022-11-19T20:00:00Z,D,-9.9,D,-17.6,D,,,24,24,,-13.8,24,D,
2022-11-20T20:00:00Z,D,-3.4,D,-12.5,D,,,24,24,,-8,24,D,
2022-11-21T20:00:00Z,D,-3.5,D,-13.2,D,,,24,24,,-8.4,24,D,
2022-11-22T20:00:00Z,D,-4.2,D,-11.5,D,,,24,24,,-7.9,24,D,
2022-11-23T20:00:00Z,D,-3.3,D,-10.4,D,,,24,24,,-6.9,24,D,
2022-11-24T20:00:00Z,D,-3.3,D,-11.1,D,,,24,24,,-7.2,24,D,
2022-11-25T20:00:00Z,D,-2.2,D,-6.9,D,,,24,24,,-4.6,24,D,
2022-11-26T20:00:00Z,D,-5.4,D,-15.3,D,,,24,24,,-10.4,24,D,
2022-11-27T20:00:00Z,D,-7.4,D,-15,D,,,24,24,,-11.2,24,D,
2022-11-28T20:00:00Z,D,-0.8,D,-8.6,D,,,24,24,,-4.7,24,D,
2022-11-29T20:00:00Z,D,-1.6,D,-7.2,D,,,24,24,,-4.4,24,D,
2022-11-30T20:00:00Z,D,-1.4,D,-9.4,D,,,24,24,,-5.4,24,D,
2022-12-01T20:00:00Z,D,-4.2,D,-10.5,D,,,24,24,,-7.4,24,D,
2022-12-02T20:00:00Z,D,-3.6,D,-10.2,D,,,24,24,,-6.9,24,D,
2022-12-03T20:00:00Z,D,-4.2,D,-10.5,D,,,24,24,,-7.4,24,D,
2022-12-04T20:00:00Z,D,-2.7,D,-10.2,D,,,24,24,,-6.5,24,D,
2022-12-05T20:00:00Z,D,0.7,D,-6.9,D,,,24,24,,-3.1,24,D,
2022-12-06T20:00:00Z,D,-1,D,-12.7,D,,,24,24,,-6.9,24,D,
2022-12-07T20:00:00Z,D,-4.4,D,-12.4,D,,,24,24,,-8.4,24,D,
2022-12-08T20:00:00Z,D,-5.4,D,-10.3,D,,,24,24,,-7.9,24,D,
2022-12-09T20:00:00Z,D,-5.4,D,-8.6,D,,,24,24,,-7,24,D,
2022-12-10T20:00:00Z,D,-0.4,D,-8.1,D,,,24,24,,-4.3,24,D,
2022-12-11T20:00:00Z,D,1.5,D,-4.7,D,,,24,24,,-1.6,24,D,
2022-12-12T20:00:00Z,D,0.9,D,-5.3,D,,,24,24,,-2.2,24,D,
2022-12-13T20:00:00Z,D,1.7,D,-3,D,,,24,24,,-0.7,24,D,
2022-12-14T20:00:00Z,D,6.2,D,-1.3,D,,,24,24,,2.5,24,D,
2022-12-15T20:00:00Z,D,2.2,D,-3.1,D,,,24,24,,-0.5,24,D,
2022-12-16T20:00:00Z,D,1.9,D,-3.5,D,,,24,24,,-0.8,24,D,
2022-12-17T20:00:00Z,D,4.3,D,-4.9,D,,,24,24,,-0.3,24,D,
2022-12-18T20:00:00Z,D,1.2,D,-4.3,D,,,24,24,,-1.6,24,D,
2022-12-19T20:00:00Z,D,0.2,D,-4.5,D,,,24,24,,-2.2,24,D,
2022-12-20T20:00:00Z,D,0.7,D,-2.7,D,,,24,24,,-1,24,D,
2022-12-21T20:00:00Z,D,0.1,D,-3.7,D,,,24,24,,-1.8,24,D,
2022-12-22T20:00:00Z,D,1.6,D,-2.6,D,,,24,24,,-0.5,24,D,
2022-12-23T20:00:00Z,D,0.2,D,-6.7,D,,,24,24,,-3.3,24,D,
2022-12-24T20:00:00Z,D,-2.3,D,-5.7,D,,,24,24,,-4,24,D,
2022-12-25T20:00:00Z,D,0.3,D,-3.9,D,,,24,24,,-1.8,24,D,
2022-12-26T20:00:00Z,D,-0.4,D,-3.6,D,,,24,24,,-2,24,D,
2022-12-27T20:00:00Z,D,-0.7,D,-9.9,D,,,24,24,,-5.3,24,D,
2022-12-28T20:00:00Z,D,-4.8,D,-9.2,D,,,24,24,,-7,24,D,
2022-12-29T20:00:00Z,D,-3.5,D,-9.3,D,,,24,24,,-6.4,24,D,
2022-12-30T20:00:00Z,D,-4.9,D,-8.2,D,,,24,24,,-6.6,24,D,
2022-12-31T20:00:00Z,D,-0.8,D,-6.7,D,,,24,24,,-3.8,24,D,
2023-01-01T20:00:00Z,D,0.5,D,-7.7,D,,,24,24,,-3.6,24,D,
2023-01-02T20:00:00Z,D,-3.9,D,-6.8,D,,,24,24,,-5.4,24,D,
2023-01-03T20:00:00Z,D,-0.4,D,-8.3,D,,,24,24,,-4.4,24,D,
2023-01-04T20:00:00Z,D,0.1,D,-3.6,D,,,24,24,,-1.8,24,D,
2023-01-05T20:00:00Z,D,0.7,D,-9.4,D,,,24,24,,-4.4,24,D,
2023-01-06T20:00:00Z,D,0.2,D,-9.5,D,,,24,24,,-4.7,24,D,
2023-01-07T20:00:00Z,D,-5.9,D,-8.8,D,,,24,24,,-7.4,24,D,
2023-01-08T20:00:00Z,D,-3.7,D,-7.4,D,,,24,24,,-5.6,24,D,
2023-01-09T20:00:00Z,D,0.3,D,-7.1,D,,,24,24,,-3.4,24,D,
2023-01-10T20:00:00Z,D,1.3,D,-10.3,D,,,24,24,,-4.5,24,D,
2023-01-11T20:00:00Z,D,-1.4,D,-9.2,D,,,24,24,,-5.3,24,D,
2023-01-12T20:00:00Z,D,-0.4,D,-9.6,D,,,24,24,,-5,24,D,
2023-01-13T20:00:00Z,D,-1.5,D,-8.7,D,,,24,24,,-5.1,24,D,
2023-01-14T20:00:00Z,D,-1.4,D,-8.4,D,,,24,24,,-4.9,24,D,
2023-01-15T20:00:00Z,D,-3.5,D,-11.2,D,,,24,24,,-7.4,24,D,
2023-01-16T20:00:00Z,D,-2.7,D,-10.6,D,,,24,24,,-6.7,24,D,
2023-01-17T20:00:00Z,D,-1.8,D,-6.4,D,,,24,24,,-4.1,24,D,
2023-01-18T20:00:00Z,D,-1.1,D,-7.5,D,,,24,24,,-4.3,24,D,
2023-01-19T20:00:00Z,D,-0.2,D,-11.8,D,,,24,24,,-6,24,D,
2023-01-20T20:00:00Z,D,-2.8,D,-9.4,D,,,24,24,,-6.1,24,D,
2023-01-21T20:00:00Z,D,-1.1,D,-7,D,,,24,24,,-4.1,24,D,
2023-01-22T20:00:00Z,D,-4.1,D,-12.7,D,,,24,24,,-8.4,24,D,
2023-01-23T20:00:00Z,D,-9.3,D,-13,D,,,24,24,,-11.2,24,D,
2023-01-24T20:00:00Z,D,-2.8,D,-12.5,D,,,24,24,,-7.7,24,D,
2023-01-25T20:00:00Z,D,-1.4,D,-6.4,D,,,24,24,,-3.9,24,D,
2023-01-26T20:00:00Z,D,-0.9,D,-4.8,D,,,24,24,,-2.9,24,D,
2023-01-27T20:00:00Z,D,-1.9,D,-4.2,D,,,24,24,,-3.1,24,D,
2023-01-28T20:00:00Z,D,-2.3,D,-4.3,D,,,24,24,,-3.3,24,D,
2023-01-29T20:00:00Z,D,0.5,D,-3.5,D,,,24,24,,-1.5,24,D,
2023-01-30T20:00:00Z,D,-1.3,D,-6.8,D,,,24,24,,-4.1,24,D,
2023-01-31T20:00:00Z,D,-1.6,D,-6.8,D,,,24,24,,-4.2,24,D,
2023-02-01T20:00:00Z,D,-3.6,D,-9.4,D,,,24,24,,-6.5,24,D,
2023-02-02T20:00:00Z,D,-5.2,D,-8.9,D,,,24,24,,-7.1,24,D,
2023-02-03T20:00:00Z,D,-6.1,D,-12.3,D,,,24,24,,-9.2,24,D,
2023-02-04T20:00:00Z,D,-5.3,D,-12.2,D,,,24,24,,-8.8,24,D,
2023-02-05T20:00:00Z,D,-1.5,D,-9.8,D,,,24,24,,-5.7,24,D,
2023-02-06T20:00:00Z,D,-0.3,D,-12.3,D,,,24,24,,-6.3,24,D,
2023-02-07T20:00:00Z,D,-3.6,D,-10.7,D,,,24,24,,-7.2,24,D,
2023-02-12T20:00:00Z,D,-2.8,D,-9.5,D,,,24,24,,-6.2,24,D,
2023-02-13T20:00:00Z,D,-4.2,D,-10.7,D,,,24,24,,-7.5,24,D,
2023-02-14T20:00:00Z,D,-2.2,D,-14.3,D,,,24,24,,-8.3,24,D,
2023-02-15T20:00:00Z,D,-6.4,D,-15.3,D,,,24,24,,-10.9,24,D,
2023-02-16T20:00:00Z,D,-7.5,D,-17.2,D,,,24,24,,-12.4,24,D,
2023-02-17T20:00:00Z,D,-5.2,D,-13.2,D,,,24,24,,-9.2,24,D,
2023-02-18T20:00:00Z,D,-4.7,D,-11.8,D,,,24,24,,-8.3,24,D,
2023-02-19T20:00:00Z,D,-4,D,-13.3,D,,,24,24,,-8.7,24,D,
2023-02-20T20:00:00Z,D,-9.1,D,-14.2,D,,,24,24,,-11.7,24,D,
2023-02-21T20:00:00Z,D,-5,D,-12,D,,,24,24,,-8.5,24,D,
2023-02-22T20:00:00Z,D,-0.7,D,-14.8,D,,,24,24,,-7.8,24,D,
2023-02-23T20:00:00Z,D,-10.6,D,-17.6,D,,,24,24,,-14.1,24,D,
2023-02-24T20:00:00Z,D,-10.3,D,-17.7,D,,,24,24,,-14,24,D,
2023-02-25T20:00:00Z,D,-10.2,D,-16.6,D,,,24,24,,-13.4,24,D,
2023-02-26T20:00:00Z,D,-13.5,D,-16.9,D,,,24,24,,-15.2,24,D,
2023-02-27T20:00:00Z,D,-11.5,D,-25.4,D,,,24,24,,-18.5,24,D,
2023-02-28T20:00:00Z,D,-12.7,D,-19.7,D,,,24,24,,-16.2,24,D,
2023-03-01T20:00:00Z,D,-8.2,D,-15.2,D,,,24,24,,-11.7,24,D,
2023-03-02T20:00:00Z,D,-11.2,D,-17,D,,,24,24,,-14.1,24,D,
2023-03-03T20:00:00Z,D,-9.7,D,-13.6,D,,,24,24,,-11.7,24,D,
2023-03-04T20:00:00Z,D,-7.5,D,-19.2,D,,,24,24,,-13.4,24,D,
2023-03-05T20:00:00Z,D,-13.9,D,-19.5,D,,,24,24,,-16.7,24,D,
2023-03-06T20:00:00Z,D,-13.6,D,-22.3,D,,,24,24,,-18,24,D,
2023-03-07T20:00:00Z,D,-15.2,D,-22.4,D,,,24,24,,-18.8,24,D,
2023-03-08T20:00:00Z,D,-10.8,D,-20,D,,,24,24,,-15.4,24,D,
2023-03-09T20:00:00Z,D,-7.1,D,-22.1,D,,,24,24,,-14.6,24,D,
2023-03-10T20:00:00Z,D,-10.7,D,-24.5,D,,,24,24,,-17.6,24,D,
2023-03-11T20:00:00Z,D,-15.8,D,-21.7,D,,,24,24,,-18.8,24,D,
2023-03-12T20:00:00Z,D,-15.4,D,-25.8,D,,,24,24,,-20.6,24,D,
2023-03-13T20:00:00Z,D,-20,D,-24.4,D,,,24,24,,-22.2,24,D,
2023-03-14T20:00:00Z,D,-19.3,D,-27.3,D,,,24,24,,-23.3,24,D,
2023-03-15T20:00:00Z,D,-22.4,D,-25.8,D,,,24,24,,-24.1,24,D,
2023-03-16T20:00:00Z,D,-20.4,D,-27.8,D,,,24,24,,-24.1,24,D,
2023-03-17T20:00:00Z,D,-16.2,D,-26.8,D,,,24,24,,-21.5,24,D,
2023-03-18T20:00:00Z,D,-17.3,D,-26.8,D,,,24,24,,-22.1,24,D,
2023-03-19T20:00:00Z,D,-21.7,D,-29.1,D,,,24,24,,-25.4,24,D,
2023-03-20T20:00:00Z,D,-22.2,D,-29.2,D,,,24,24,,-25.7,24,D,
2023-03-21T20:00:00Z,D,-22.7,D,-29,D,,,24,24,,-25.9,24,D,
2023-03-22T20:00:00Z,D,-21,D,-29.3,D,,,24,24,,-25.2,24,D,
2023-03-23T20:00:00Z,D,-21.2,D,-32.7,D,,,24,24,,-27,24,D,
2023-03-24T20:00:00Z,D,-19.1,D,-34.2,D,,,24,24,,-26.7,24,D,
2023-03-25T20:00:00Z,D,-22.5,D,-33,D,,,24,24,,-27.8,24,D,
2023-03-26T20:00:00Z,D,-19.9,D,-32.3,D,,,24,24,,-26.1,24,D,
2023-03-27T20:00:00Z,D,-17.3,D,-32.3,D,,,24,24,,-24.8,24,D,
2023-03-28T20:00:00Z,D,-12.7,D,-21.2,D,,,24,24,,-17,24,D,
2023-03-29T20:00:00Z,D,-14.4,D,-27.1,D,,,24,24,,-20.8,24,D,
2023-03-30T20:00:00Z,D,-15.3,D,-29.4,D,,,24,24,,-22.4,24,D,
2023-03-31T20:00:00Z,D,-14.2,D,-27.4,D,,,24,24,,-20.8,24,D,
2023-04-01T21:00:00Z,D,-18.9,D,-32.3,D,,,24,24,,-25.6,24,D,
2023-04-02T21:00:00Z,D,-23.2,D,-32.6,D,,,24,24,,-27.9,24,D,
2023-04-03T21:00:00Z,D,-18,D,-27.8,D,,,24,24,,-22.9,24,D,
2023-04-04T21:00:00Z,D,-17.9,D,-29.1,D,,,24,24,,-23.5,24,D,
2023-04-05T21:00:00Z,D,-14.8,D,-30.4,D,,,24,24,,-22.6,24,D,
2023-04-06T21:00:00Z,D,-16.1,D,-33.4,D,,,24,24,,-24.8,24,D,
2023-04-07T21:00:00Z,D,-11.4,D,-21.8,D,,,24,24,,-16.6,24,D,
2023-04-08T21:00:00Z,D,-18.5,D,-26.2,D,,,24,24,,-22.4,24,D,
2023-04-09T21:00:00Z,D,-22.7,D,-31,D,,,24,24,,-26.9,24,D,
2023-04-10T21:00:00Z,D,-22.2,D,-33.5,D,,,24,24,,-27.9,24,D,
2023-04-11T21:00:00Z,D,-23.7,D,-27.8,D,,,24,24,,-25.8,24,D,
2023-04-12T21:00:00Z,D,-24.4,D,-33.9,D,,,24,24,,-29.2,24,D,
2023-04-13T21:00:00Z,D,-20.3,D,-36.2,D,,,24,24,,-28.3,24,D,
2023-04-14T21:00:00Z,D,-15.2,D,-27.7,D,,,24,24,,-21.5,24,D,
2023-04-15T21:00:00Z,D,-18.6,D,-24.1,D,,,24,24,,-21.4,24,D,
2023-04-16T21:00:00Z,D,-18.3,D,-29.3,D,,,24,24,,-23.8,24,D,
2023-04-17T21:00:00Z,D,-22,D,-29.3,D,,,24,24,,-25.7,24,D,
2023-04-18T21:00:00Z,D,-23,D,-33.6,D,,,24,24,,-28.3,24,D,
2023-04-19T21:00:00Z,D,-18,D,-25.9,D,,,24,24,,-22,24,D,
2023-04-20T21:00:00Z,D,-13.5,D,-28.9,D,,,24,24,,-21.2,24,D,
2023-04-21T21:00:00Z,D,-19,D,-28.5,D,,,24,24,,-23.8,24,D,
2023-04-22T21:00:00Z,D,-12.3,D,-23.4,D,,,24,24,,-17.9,24,D,
2023-04-23T21:00:00Z,D,-13.6,D,-19.4,D,,,24,24,,-16.5,24,D,
2023-04-24T21:00:00Z,D,-13.3,D,-23.9,D,,,24,24,,-18.6,24,D,
2023-04-25T21:00:00Z,D,-13.3,D,-28.3,D,,,24,24,,-20.8,24,D,
2023-04-26T21:00:00Z,D,-12,D,-26.7,D,,,24,24,,-19.4,24,D,
2023-04-27T21:00:00Z,D,-11.7,D,-25.5,D,,,24,24,,-18.6,24,D,
2023-04-28T21:00:00Z,D,-21.4,D,-31.5,D,,,24,24,,-26.5,24,D,
2023-04-29T21:00:00Z,D,-18.7,D,-33,D,,,24,24,,-25.9,24,D,
2023-04-30T21:00:00Z,D,-20.7,D,-33.3,D,,,24,24,,-27,24,D,
2023-05-01T21:00:00Z,D,-15.1,D,-27.6,D,,,24,24,,-21.4,24,D,
2023-05-02T21:00:00Z,D,-15.8,D,-22.2,D,,,24,24,,-19,24,D,
2023-05-03T21:00:00Z,D,-17.4,D,-28.1,D,,,24,24,,-22.8,24,D,
2023-05-04T21:00:00Z,D,-17.8,D,-32.6,D,,,24,24,,-25.2,24,D,
2023-05-05T21:00:00Z,D,-20.6,D,-34,D,,,24,24,,-27.3,24,D,
2023-05-06T21:00:00Z,D,-19.8,D,-31.5,D,,,24,24,,-25.7,24,D,
2023-05-07T21:00:00Z,D,-20.9,D,-32.2,D,,,24,24,,-26.6,24,D,
2023-05-08T21:00:00Z,D,-21.1,D,-35.8,D,,,24,24,,-28.5,24,D,
2023-05-09T21:00:00Z,D,-18.2,D,-29,D,,,24,24,,-23.6,24,D,
2023-05-10T21:00:00Z,D,-18.2,D,-31,D,,,24,24,,-24.6,24,D,
2023-05-11T21:00:00Z,D,-24.6,D,-33.4,D,,,24,24,,-29,24,D,
2023-05-12T21:00:00Z,D,-24.4,D,-32.8,D,,,24,24,,-28.6,24,D,
2023-05-13T21:00:00Z,D,-13.8,D,-31.4,D,,,24,24,,-22.6,24,D,
2023-05-14T21:00:00Z,D,-13.3,D,-26.5,D,,,24,24,,-19.9,24,D,
2023-05-15T21:00:00Z,D,-17.4,D,-30.5,D,,,24,24,,-24,24,D,
2023-05-16T21:00:00Z,D,-13.5,D,-25.5,D,,,24,24,,-19.5,24,D,
2023-05-17T21:00:00Z,D,-14.2,D,-27.5,D,,,24,24,,-20.9,24,D,
2023-05-18T21:00:00Z,D,-21.5,D,-28.4,D,,,24,24,,-25,24,D,
2023-05-19T21:00:00Z,D,-26.7,D,-35.3,D,,,24,24,,-31,24,D,
2023-05-20T21:00:00Z,D,-24.7,D,-34.2,D,,,24,24,,-29.5,24,D,
2023-05-21T21:00:00Z,D,-23.9,D,-35.5,D,,,24,24,,-29.7,24,D,
2023-05-22T21:00:00Z,D,-25.7,D,-35,D,,,24,24,,-30.4,24,D,
2023-05-23T21:00:00Z,D,-27,D,-37.8,D,,,24,24,,-32.4,24,D,
2023-05-24T21:00:00Z,D,-18.5,D,-27.3,D,,,24,24,,-22.9,24,D,
2023-05-25T21:00:00Z,D,-16.3,D,-28.1,D,,,24,24,,-22.2,24,D,
2023-05-26T21:00:00Z,D,-17.3,D,-29.7,D,,,24,24,,-23.5,24,D,
2023-05-27T21:00:00Z,D,-22.4,D,-31,D,,,24,24,,-26.7,24,D,
2023-05-28T21:00:00Z,D,-21.9,D,-34.6,D,,,24,24,,-28.3,24,D,
2023-05-29T21:00:00Z,D,-24.3,D,-32.6,D,,,24,24,,-28.5,24,D,
2023-05-30T21:00:00Z,D,-27.7,D,-42.5,D,,,24,24,,-35.1,24,D,
2023-05-31T21:00:00Z,D,-22.7,D,-33.8,D,,,24,24,,-28.3,24,D,
2023-06-01T21:00:00Z,D,-24.4,D,-33.6,D,,,24,24,,-29,24,D,
2023-06-02T21:00:00Z,D,-24.6,D,-41.6,D,,,24,24,,-33.1,24,D,
2023-06-03T21:00:00Z,D,-23.5,D,-29.6,D,,,24,24,,-26.6,24,D,
2023-06-04T21:00:00Z,D,-20.9,D,-30.4,D,,,24,24,,-25.7,24,D,
2023-06-05T21:00:00Z,D,-19.5,D,-29,D,,,24,24,,-24.3,24,D,
2023-06-06T21:00:00Z,D,-18,D,-29.6,D,,,24,24,,-23.8,24,D,
2023-06-07T21:00:00Z,D,-8.3,D,-26.7,D,,,24,24,,-17.5,24,D,
2023-06-08T21:00:00Z,D,-5.8,D,-12.1,D,,,24,24,,-9,24,D,
2023-06-09T21:00:00Z,D,-6.6,D,-9.8,D,,,24,24,,-8.2,24,D,
2023-06-10T21:00:00Z,D,-6.1,D,-18.9,D,,,24,24,,-12.5,24,D,
2023-06-11T21:00:00Z,D,-10.6,D,-24.6,D,,,24,24,,-17.6,24,D,
2023-06-12T21:00:00Z,D,-14.6,D,-26.5,D,,,24,24,,-20.6,24,D,
2023-06-13T21:00:00Z,D,-15.1,D,-29.4,D,,,24,24,,-22.3,24,D,
2023-06-14T21:00:00Z,D,-10.2,D,-23.7,D,,,24,24,,-17,24,D,
2023-06-15T21:00:00Z,D,-7.4,D,-26.4,D,,,24,24,,-16.9,24,D,
2023-06-16T21:00:00Z,D,-20.9,D,-26.3,D,,,24,24,,-23.6,24,D,
2023-06-17T21:00:00Z,D,-17.4,D,-25.2,D,,,24,24,,-21.3,24,D,
2023-06-18T21:00:00Z,D,-19.6,D,-33.4,D,,,24,24,,-26.5,24,D,
2023-06-19T21:00:00Z,D,-23.9,D,-32.1,D,,,24,24,,-28,24,D,
2023-06-20T21:00:00Z,D,-24,D,-33.8,D,,,24,24,,-28.9,24,D,
2023-06-21T21:00:00Z,D,-20.6,D,-29.1,D,,,24,24,,-24.9,24,D,
2023-06-22T21:00:00Z,D,-23.3,D,-32.4,D,,,24,24,,-27.9,24,D,
2023-06-23T21:00:00Z,D,-18.2,D,-34.2,D,,,24,24,,-26.2,24,D,
2023-06-24T21:00:00Z,D,-17.7,D,-29.7,D,,,24,24,,-23.7,24,D,
2023-06-25T21:00:00Z,D,-15.7,D,-27.2,D,,,24,24,,-21.5,24,D,
2023-06-26T21:00:00Z,D,-19.1,D,-33.9,D,,,24,24,,-26.5,24,D,
2023-06-27T21:00:00Z,D,-22.9,D,-33,D,,,24,24,,-28,24,D,
2023-06-28T21:00:00Z,D,-28.4,D,-41,D,,,24,24,,-34.7,24,D,
2023-06-29T21:00:00Z,D,-30,D,-38.2,D,,,24,24,,-34.1,24,D,
2023-06-30T21:00:00Z,D,-28.4,D,-34.3,D,,,24,24,,-31.4,24,D,
2023-07-01T21:00:00Z,D,-29.2,D,-41,D,,,24,24,,-35.1,24,D,
2023-07-02T21:00:00Z,D,-30.4,D,-36,D,,,24,24,,-33.2,24,D,
2023-07-03T21:00:00Z,D,-26.3,D,-39.4,D,,,24,24,,-32.9,24,D,
2023-07-04T21:00:00Z,D,-25.7,D,-36.5,D,,,24,24,,-31.1,24,D,
2023-07-05T21:00:00Z,D,-27.7,D,-40.4,D,,,24,24,,-34.1,24,D,
2023-07-06T21:00:00Z,D,-29.9,D,-39.1,D,,,24,24,,-34.5,24,D,
2023-07-07T21:00:00Z,D,-30.5,D,-45.1,D,,,24,24,,-37.8,24,D,
2023-07-08T21:00:00Z,D,-28.3,D,-41.2,D,,,24,24,,-34.8,24,D,
2023-07-09T21:00:00Z,D,-21.9,D,-36.9,D,,,24,24,,-29.4,24,D,
2023-07-10T21:00:00Z,D,-24,D,-30.8,D,,,24,24,,-27.4,24,D,
2023-07-11T21:00:00Z,D,-23.4,D,-31.7,D,,,24,24,,-27.6,24,D,
2023-07-12T21:00:00Z,D,-24,D,-35.4,D,,,24,24,,-29.7,24,D,
2023-07-13T21:00:00Z,D,-22,D,-34.1,D,,,24,24,,-28.1,24,D,
2023-07-14T21:00:00Z,D,-22.7,D,-37,D,,,24,24,,-29.9,24,D,
2023-07-15T21:00:00Z,D,-27.8,D,-40.1,D,,,24,24,,-34,24,D,
2023-07-16T21:00:00Z,D,-21.4,D,-39,D,,,24,24,,-30.2,24,D,
2023-07-17T21:00:00Z,D,-27.8,D,-42.2,D,,,24,24,,-35,24,D,
2023-07-18T21:00:00Z,D,-26.8,D,-40.6,D,,,24,24,,-33.7,24,D,
2023-07-19T21:00:00Z,D,-31.3,D,-46.7,D,,,24,24,,-39,24,D,
2023-07-20T21:00:00Z,D,-33.7,D,-41.3,D,,,24,24,,-37.5,24,D,
2023-07-21T21:00:00Z,D,-30.8,D,-38.3,D,,,24,24,,-34.6,24,D,
2023-07-22T21:00:00Z,D,-31.4,D,-39.8,D,,,24,24,,-35.6,24,D,
2023-07-23T21:00:00Z,D,-32.8,D,-43.4,D,,,24,24,,-38.1,24,D,
2023-07-24T21:00:00Z,D,-34.3,D,-42.1,D,,,24,24,,-38.2,24,D,
2023-07-25T21:00:00Z,D,-30.9,D,-40.1,D,,,24,24,,-35.5,24,D,
2023-07-26T21:00:00Z,D,-30.3,D,-36.8,D,,,24,24,,-33.6,24,D,
2023-07-27T21:00:00Z,D,-26.5,D,-40.2,D,,,24,24,,-33.4,24,D,
2023-07-28T21:00:00Z,D,-27,D,-37.9,D,,,24,24,,-32.5,24,D,
2023-07-29T21:00:00Z,D,-33.3,D,-48.9,D,,,24,24,,-41.1,24,D,
2023-07-30T21:00:00Z,D,-33.8,D,-47.6,D,,,24,24,,-40.7,24,D,
2023-07-31T21:00:00Z,D,-32.8,D,-45,D,,,24,24,,-38.9,24,D,
2023-08-01T21:00:00Z,D,-32.8,D,-45.5,D,,,24,24,,-39.2,24,D,
2023-08-02T21:00:00Z,D,-29.3,D,-41,D,,,24,24,,-35.2,24,D,
2023-08-03T21:00:00Z,D,-25.4,D,-31.1,D,,,24,24,,-28.3,24,D,
2023-08-04T21:00:00Z,D,-18.7,D,-32.2,D,,,24,24,,-25.5,24,D,
2023-08-05T21:00:00Z,D,-23.9,D,-38.2,D,,,24,24,,-31.1,24,D,
2023-08-06T21:00:00Z,D,-28.5,D,-39.3,D,,,24,24,,-33.9,24,D,
2023-08-07T21:00:00Z,D,-34.2,D,-40.9,D,,,24,24,,-37.6,24,D,
2023-08-08T21:00:00Z,D,-31.5,D,-46,D,,,24,24,,-38.8,24,D,
2023-08-09T21:00:00Z,D,-29.5,D,-46.7,D,,,24,24,,-38.1,24,D,
2023-08-10T21:00:00Z,D,-38.3,D,-51.2,D,,,24,24,,-44.8,24,D,
2023-08-11T21:00:00Z,D,-41.2,D,-50.7,D,,,24,24,,-46,24,D,
2023-08-12T21:00:00Z,D,-41,D,-56.3,D,,,24,24,,-48.7,24,D,
2023-08-13T21:00:00Z,D,-38.8,D,-51.6,D,,,24,24,,-45.2,24,D,
2023-08-14T21:00:00Z,D,-34,D,-48.7,D,,,24,24,,-41.4,24,D,
2023-08-15T21:00:00Z,D,-29.2,D,-45.9,D,,,24,24,,-37.6,24,D,
2023-08-16T21:00:00Z,D,-31.8,D,-45.6,D,,,24,24,,-38.7,24,D,
2023-08-17T21:00:00Z,D,-29.6,D,-40.7,D,,,24,24,,-35.2,24,D,
2023-08-18T21:00:00Z,D,-28.6,D,-41.4,D,,,24,24,,-35,24,D,
2023-08-19T21:00:00Z,D,-31.8,D,-45.2,D,,,24,24,,-38.5,24,D,
2023-08-20T21:00:00Z,D,-37.1,D,-48.9,D,,,24,24,,-43,24,D,
2023-08-21T21:00:00Z,D,-36.1,D,-43.8,D,,,24,24,,-40,24,D,
2023-08-22T21:00:00Z,D,-33.8,D,-43.9,D,,,24,24,,-38.9,24,D,
2023-08-23T21:00:00Z,D,-34.2,D,-44.9,D,,,24,24,,-39.6,24,D,
2023-08-24T21:00:00Z,D,-32.7,D,-43.2,D,,,24,24,,-38,24,D,
2023-08-25T21:00:00Z,D,-19.6,D,-38.6,D,,,24,24,,-29.1,24,D,
2023-08-26T21:00:00Z,D,-17.4,D,-33.4,D,,,24,24,,-25.4,24,D,
2023-08-27T21:00:00Z,D,-22.4,D,-30.5,D,,,24,24,,-26.5,24,D,
2023-08-28T21:00:00Z,D,-20.8,D,-29.7,D,,,24,24,,-25.3,24,D,
2023-08-29T21:00:00Z,D,-16.5,D,-27.3,D,,,24,24,,-21.9,24,D,
2023-08-30T21:00:00Z,D,-19.3,D,-29.4,D,,,24,24,,-24.4,24,D,
2023-08-31T21:00:00Z,D,-19.5,D,-28.6,D,,,24,24,,-24.1,24,D,
2023-09-01T21:00:00Z,D,-25.6,D,-39.5,D,,,24,24,,-32.6,24,D,
2023-09-02T21:00:00Z,D,-24.8,D,-40.2,D,,,24,24,,-32.5,24,D,
2023-09-03T21:00:00Z,D,-22.8,D,-32.8,D,,,24,24,,-27.8,24,D,
2023-09-04T21:00:00Z,D,-23.6,D,-36.4,D,,,24,24,,-30,24,D,
2023-09-05T21:00:00Z,D,-28.4,D,-36,D,,,24,24,,-32.2,24,D,
2023-09-06T21:00:00Z,D,-28,D,-38.8,D,,,24,24,,-33.4,24,D,
2023-09-07T21:00:00Z,D,-30.6,D,-42.1,D,,,24,24,,-36.4,24,D,
2023-09-08T21:00:00Z,D,-14.9,D,-36.9,D,,,24,24,,-25.9,24,D,
2023-09-09T21:00:00Z,D,-11.3,D,-15.4,D,,,24,24,,-13.4,24,D,
2023-09-10T21:00:00Z,D,-11.6,D,-16.8,D,,,24,24,,-14.2,24,D,
2023-09-11T21:00:00Z,D,-13,D,-24.1,D,,,24,24,,-18.6,24,D,
2023-09-12T21:00:00Z,D,-13.8,D,-17.9,D,,,24,24,,-15.9,24,D,
2023-09-13T21:00:00Z,D,-9.8,D,-16.6,D,,,24,24,,-13.2,24,D,
2023-09-14T21:00:00Z,D,-9.4,D,-22.2,D,,,24,24,,-15.8,24,D,
2023-09-15T21:00:00Z,D,-12.4,D,-22.8,D,,,24,24,,-17.6,24,D,
2023-09-16T21:00:00Z,D,-10.3,D,-26.1,D,,,24,24,,-18.2,24,D,
2023-09-17T21:00:00Z,D,-10.3,D,-22,D,,,24,24,,-16.2,24,D,
2023-09-18T21:00:00Z,D,-9.1,D,-20.1,D,,,24,24,,-14.6,24,D,
2023-09-19T21:00:00Z,D,-12.7,D,-15,D,,,24,24,,-13.9,24,D,
2023-09-20T21:00:00Z,D,-11.3,D,-19.4,D,,,24,24,,-15.4,24,D,
2023-09-21T21:00:00Z,D,-6,D,-15.3,D,,,24,24,,-10.7,24,D,
2023-09-22T21:00:00Z,D,-10.4,D,-20,D,,,24,24,,-15.2,24,D,
2023-09-23T20:00:00Z,D,-12.4,D,-28.8,D,,,24,24,,-20.6,24,D,
2023-09-24T20:00:00Z,D,-14.6,D,-24.2,D,,,24,24,,-19.4,24,D,
2023-09-25T20:00:00Z,D,-13.5,D,-20.8,D,,,24,24,,-17.2,24,D,
2023-09-26T20:00:00Z,D,-12.3,D,-19.3,D,,,24,24,,-15.8,24,D,
2023-09-27T20:00:00Z,D,-15,D,-22.5,D,,,24,24,,-18.8,24,D,
2023-09-28T20:00:00Z,D,-13.8,D,-21.2,D,,,24,24,,-17.5,24,D,
2023-09-29T20:00:00Z,D,-16.3,D,-28.9,D,,,24,24,,-22.6,24,D,
2023-09-30T20:00:00Z,D,-18.5,D,-28.3,D,,,24,24,,-23.4,24,D,
2023-10-01T20:00:00Z,D,-15,D,-26.8,D,,,24,24,,-20.9,24,D,
2023-10-02T20:00:00Z,D,-12,D,-25.4,D,,,24,24,,-18.7,24,D,
2023-10-03T20:00:00Z,D,-19.3,D,-28.5,D,,,24,24,,-23.9,24,D,
2023-10-04T20:00:00Z,D,-19.8,D,-27.8,D,,,24,24,,-23.8,24,D,
2023-10-05T20:00:00Z,D,-18.3,D,-28.8,D,,,24,24,,-23.6,24,D,
2023-10-06T20:00:00Z,D,-24.2,D,-32.7,D,,,24,24,,-28.5,24,D,
2023-10-07T20:00:00Z,D,-24,D,-33.7,D,,,24,24,,-28.9,24,D,
2023-10-08T20:00:00Z,D,-21.4,D,-33.6,D,,,24,24,,-27.5,24,D,
2023-10-09T20:00:00Z,D,-21.2,D,-33.3,D,,,24,24,,-27.3,24,D,
2023-10-10T20:00:00Z,D,-12.7,D,-23.6,D,,,24,24,,-18.2,24,D,
2023-10-11T20:00:00Z,D,-11.1,D,-14.6,D,,,24,24,,-12.9,24,D,
2023-10-12T20:00:00Z,D,-13.7,D,-21.8,D,,,24,24,,-17.8,24,D,
2023-10-13T20:00:00Z,D,-19.6,D,-26.8,D,,,24,24,,-23.2,24,D,
2023-10-14T20:00:00Z,D,-21.9,D,-28,D,,,24,24,,-25,24,D,
2023-10-15T20:00:00Z,D,-18.4,D,-26.2,D,,,24,24,,-22.3,24,D,
2023-10-16T20:00:00Z,D,-15.6,D,-23.5,D,,,24,24,,-19.6,24,D,
2023-10-17T20:00:00Z,D,-14.2,D,-24.8,D,,,24,24,,-19.5,24,D,
2023-10-18T20:00:00Z,D,-18.2,D,-23.7,D,,,24,24,,-21,24,D,
2023-10-19T20:00:00Z,D,-19.6,D,-25.8,D,,,24,24,,-22.7,24,D,
2023-10-20T20:00:00Z,D,-19.4,D,-30.9,D,,,24,24,,-25.2,24,D,
2023-10-21T20:00:00Z,D,-22.3,D,-30.7,D,,,24,24,,-26.5,24,D,
2023-10-22T20:00:00Z,D,-20.8,D,-28.8,D,,,24,24,,-24.8,24,D,
2023-10-23T20:00:00Z,D,-20.7,D,-32.7,D,,,24,24,,-26.7,24,D,
2023-10-24T20:00:00Z,D,-11.8,D,-31.3,D,,,24,24,,-21.6,24,D,
2023-10-25T20:00:00Z,D,-11.3,D,-18.9,D,,,24,24,,-15.1,24,D,
2023-10-26T20:00:00Z,D,-10,D,-18.1,D,,,24,24,,-14.1,24,D,
2023-10-27T20:00:00Z,D,-12.9,D,-25.4,D,,,24,24,,-19.2,24,D,
2023-10-28T20:00:00Z,D,-10.6,D,-18.1,D,,,24,24,,-14.4,24,D,
2023-10-29T20:00:00Z,D,-10.9,D,-22.9,D,,,24,24,,-16.9,24,D,
2023-10-30T20:00:00Z,D,-13,D,-22.3,D,,,24,24,,-17.7,24,D,
2023-10-31T20:00:00Z,D,-12.4,D,-21.4,D,,,24,24,,,,,
2023-11-01T20:00:00Z,D,-10.9,D,-19.2,D,,,24,24,,-15.1,24,D,
2023-11-02T20:00:00Z,D,-13.6,D,-20.6,D,,,24,24,,-17.1,24,D,
2023-11-03T20:00:00Z,D,-16.7,D,-23.7,D,,,24,24,,-20.2,24,D,
2023-11-04T20:00:00Z,D,-13.1,D,-22.4,D,,,24,24,,-17.8,24,D,
2023-11-05T20:00:00Z,D,-10.6,D,-15.8,D,,,24,24,,-13.2,24,D,
2023-11-06T20:00:00Z,D,-11.1,D,-14.3,D,,,24,24,,-12.7,24,D,
2023-11-07T20:00:00Z,D,-7,D,-13.5,D,,,24,24,,-10.3,24,D,
2023-11-08T20:00:00Z,D,-6.7,D,-12.7,D,,,24,24,,-9.7,24,D,
2023-11-09T20:00:00Z,D,-4.3,D,-17.2,D,,,24,24,,-10.8,24,D,
2023-11-10T20:00:00Z,D,-9.9,D,-18.1,D,,,24,24,,-14,24,D,
2023-11-11T20:00:00Z,D,-12,D,-16.7,D,,,24,24,,-14.4,24,D,
2023-11-12T20:00:00Z,D,-10.5,D,-15.8,D,,,24,24,,-13.2,24,D,
2023-11-13T20:00:00Z,D,-12.9,D,-17.4,D,,,24,24,,-15.2,24,D,
2023-11-14T20:00:00Z,D,-12.2,D,-17.8,D,,,24,24,,-15,24,D,
2023-11-15T20:00:00Z,D,-8.6,D,-16.3,D,,,24,24,,-12.5,24,D,
2023-11-16T20:00:00Z,D,-8.6,D,-16.3,D,,,24,24,,-12.5,24,D,
2023-11-17T20:00:00Z,D,-7.6,D,-14.2,D,,,24,24,,-10.9,24,D,
2023-11-18T20:00:00Z,D,-6.2,D,-17.2,D,,,24,24,,-11.7,24,D,
2023-11-19T20:00:00Z,D,-10.1,D,-17.8,D,,,24,24,,-14,24,D,
2023-11-20T20:00:00Z,D,-6.7,D,-14.1,D,,,24,24,,-10.4,24,D,
2023-11-21T20:00:00Z,D,-4.6,D,-13.1,D,,,24,24,,-8.9,24,D,
2023-11-22T20:00:00Z,D,-5.2,D,-15.4,D,,,24,24,,-10.3,24,D,
2023-11-23T20:00:00Z,D,-4.7,D,-10,D,,,24,24,,-7.4,24,D,
2023-11-24T20:00:00Z,D,-4.9,D,-14.4,D,,,24,24,,-9.7,24,D,
2023-11-25T20:00:00Z,D,-12.3,D,-13.8,D,,,24,24,,-13.1,24,D,
2023-11-26T20:00:00Z,D,-8,D,-12.6,D,,,24,24,,-10.3,24,D,
2023-11-27T20:00:00Z,D,-7.3,D,-16.4,D,,,24,24,,-11.9,24,D,
2023-11-28T20:00:00Z,D,-5.8,D,-14.6,D,,,24,24,,-10.2,24,D,
2023-11-29T20:00:00Z,D,-7.8,D,-15.2,D,,,24,24,,-11.5,24,D,
2023-11-30T20:00:00Z,D,-3.7,D,-12.4,D,,,24,24,,-8.1,24,D,
2023-12-01T20:00:00Z,D,-2.6,D,-8.4,D,,,24,24,,-5.5,24,D,
2023-12-02T20:00:00Z,D,-1.7,D,-6.3,D,,,24,24,,-4,24,D,
2023-12-03T20:00:00Z,D,-1.9,D,-4.4,D,,,24,24,,-3.2,24,D,
2023-12-04T20:00:00Z,D,-0.2,D,-6.5,D,,,24,24,,-3.4,24,D,
2023-12-05T20:00:00Z,D,2,D,-6.7,D,,,24,24,,-2.4,24,D,
2023-12-06T20:00:00Z,D,-0.7,D,-6.4,D,,,24,24,,-3.6,24,D,
2023-12-07T20:00:00Z,D,-0.7,D,-8.7,D,,,24,24,,-4.7,24,D,
2023-12-08T20:00:00Z,D,-0.9,D,-12.2,D,,,24,24,,-6.6,24,D,
2023-12-09T20:00:00Z,D,-6.3,D,-14.3,D,,,24,24,,-10.3,24,D,
2023-12-10T20:00:00Z,D,-8,D,-16.8,D,,,24,24,,-12.4,24,D,
2023-12-11T20:00:00Z,D,-2.3,D,-14.2,D,,,24,24,,-8.3,24,D,
2023-12-12T20:00:00Z,D,-0.4,D,-10.2,D,,,24,24,,-5.3,24,D,
2023-12-13T20:00:00Z,D,1,D,-4.2,D,,,24,24,,-1.6,24,D,
2023-12-14T20:00:00Z,D,0.6,D,-10.9,D,,,24,24,,-5.2,24,D,
2023-12-15T20:00:00Z,D,1.1,D,-10.5,D,,,24,24,,-4.7,24,D,
2023-12-16T20:00:00Z,D,1.8,D,-6.5,D,,,24,24,,-2.4,24,D,
2023-12-17T20:00:00Z,D,-2.2,D,-14.2,D,,,24,24,,-8.2,24,D,
2023-12-18T20:00:00Z,D,0.7,D,-13.1,D,,,24,24,,-6.2,24,D,
2023-12-19T20:00:00Z,D,-0.3,D,-4.6,D,,,24,24,,-2.5,24,D,
2023-12-20T20:00:00Z,D,1.2,D,-2.1,D,,,24,24,,-0.5,24,D,
2023-12-21T20:00:00Z,D,0.8,D,-6.9,D,,,24,24,,-3.1,24,D,
2023-12-22T20:00:00Z,D,-5.5,D,-7.5,D,,,24,24,,-6.5,24,D,
2023-12-23T20:00:00Z,D,-1.4,D,-7.3,D,,,24,24,,-4.4,24,D,
2023-12-24T20:00:00Z,D,-0.8,D,-7.3,D,,,24,24,,-4.1,24,D,
2023-12-25T20:00:00Z,D,-6,D,-9,D,,,24,24,,-7.5,24,D,
2023-12-26T20:00:00Z,D,-5.2,D,-8.4,D,,,24,24,,-6.8,24,D,
2023-12-27T20:00:00Z,D,-4.6,D,-8.3,D,,,24,24,,-6.5,24,D,
2023-12-28T20:00:00Z,D,-1.7,D,-7.1,D,,,24,24,,-4.4,24,D,
2023-12-29T20:00:00Z,D,0.6,D,-4.7,D,,,24,24,,-2.1,24,D,
2023-12-30T20:00:00Z,D,-0.2,D,-3.1,D,,,24,24,,-1.7,24,D,
2023-12-31T20:00:00Z,D,-0.2,D,-6.4,D,,,24,24,,-3.3,24,D,
2024-01-01T20:00:00Z,D,-0.2,D,-6.6,D,,,24,24,,-3.4,24,D,
2024-01-02T20:00:00Z,D,-3,D,-6.6,D,,,24,24,,-4.8,24,D,
2024-01-03T20:00:00Z,D,-2.8,D,-6.4,D,,,24,24,,-4.6,24,D,
2024-01-04T20:00:00Z,D,-2.3,D,-7.4,D,,,24,24,,-4.9,24,D,
2024-01-05T20:00:00Z,D,0.6,D,-5,D,,,24,24,,-2.2,24,D,
2024-01-06T20:00:00Z,D,1.4,D,-5.8,D,,,24,24,,-2.2,24,D,
2024-01-07T20:00:00Z,D,2.2,D,-7.2,D,,,24,24,,-2.5,24,D,
2024-01-08T20:00:00Z,D,-2.7,D,-7.1,D,,,24,24,,-4.9,24,D,
2024-01-09T20:00:00Z,D,0.9,D,-7.9,D,,,24,24,,-3.5,24,D,
2024-01-10T20:00:00Z,D,1.1,D,-9.1,D,,,24,24,,-4,24,D,
2024-01-11T20:00:00Z,D,-2.7,D,-9.4,D,,,24,24,,-6.1,24,D,
2024-01-12T20:00:00Z,D,0.9,D,-5.9,D,,,24,24,,-2.5,24,D,
2024-01-13T20:00:00Z,D,-0.1,D,-7.5,D,,,24,24,,-3.8,24,D,
2024-01-14T20:00:00Z,D,1,D,-7,D,,,24,24,,-3,24,D,
2024-01-15T20:00:00Z,D,1.5,D,-3.4,D,,,24,24,,-1,24,D,
2024-01-16T20:00:00Z,D,-1.8,D,-4.8,D,,,24,24,,-3.3,24,D,
2024-01-17T20:00:00Z,D,-2.1,D,-4.8,D,,,24,24,,-3.5,24,D,
2024-01-18T20:00:00Z,D,-1.9,D,-5.2,D,,,24,24,,-3.6,24,D,
2024-01-19T20:00:00Z,D,-0.9,D,-6.7,D,,,24,24,,-3.8,24,D,
2024-01-20T20:00:00Z,D,-0.5,D,-6.3,D,,,24,24,,-3.4,24,D,
2024-01-21T20:00:00Z,D,-2.5,D,-6.3,D,,,24,24,,-4.4,24,D,
2024-01-22T20:00:00Z,D,-4.3,D,-9,D,,,24,24,,-6.7,24,D,
2024-01-23T20:00:00Z,D,-5.9,D,-11.1,D,,,24,24,,-8.5,24,D,
2024-01-24T20:00:00Z,D,-7.3,D,-9.9,D,,,24,24,,-8.6,24,D,
2024-01-25T20:00:00Z,D,-4.7,D,-11.3,D,,,24,24,,-8,24,D,
2024-01-26T20:00:00Z,D,-2.2,D,-14.7,D,,,24,24,,-8.5,24,D,
2024-01-27T20:00:00Z,D,-1,D,-12.6,D,,,24,24,,-6.8,24,D,
2024-01-28T20:00:00Z,D,-1.7,D,-9.1,D,,,24,24,,-5.4,24,D,
2024-01-29T20:00:00Z,D,-4.7,D,-10.4,D,,,24,24,,-7.6,24,D,
2024-01-30T20:00:00Z,D,-5,D,-8.8,D,,,24,24,,-6.9,24,D,
2024-01-31T20:00:00Z,D,-3.4,D,-8.4,D,,,24,24,,-5.9,24,D,
2024-02-01T20:00:00Z,D,-3.6,D,-7.7,D,,,24,24,,-5.7,24,D,
2024-02-02T20:00:00Z,D,-1.7,D,-6.3,D,,,24,24,,-4,24,D,
2024-02-03T20:00:00Z,D,-1.1,D,-7.5,D,,,24,24,,-4.3,24,D,
2024-02-04T20:00:00Z,D,0.9,D,-13.9,D,,,24,24,,-6.5,24,D,
2024-02-05T20:00:00Z,D,-7.7,D,-15.2,D,,,24,24,,-11.5,24,D,
2024-02-06T20:00:00Z,D,-8,D,-12.6,D,,,24,24,,-10.3,24,D,
2024-02-07T20:00:00Z,D,-8.2,D,-13.9,D,,,24,24,,-11.1,24,D,
2024-02-08T20:00:00Z,D,-2.5,D,-14.5,D,,,24,24,,-8.5,24,D,
2024-02-09T20:00:00Z,D,-7,D,-14.4,D,,,24,24,,-10.7,24,D,
2024-02-10T20:00:00Z,D,-6.3,D,-12.5,D,,,24,24,,-9.4,24,D,
2024-02-11T20:00:00Z,D,-7,D,-12.4,D,,,24,24,,-9.7,24,D,
2024-02-12T20:00:00Z,D,-3.2,D,-12.3,D,,,24,24,,-7.8,24,D,
2024-02-13T20:00:00Z,D,-2.1,D,-19.7,D,,,24,24,,-10.9,24,D,
2024-02-14T20:00:00Z,D,-15.2,D,-17.7,D,,,24,24,,-16.5,24,D,
2024-02-15T20:00:00Z,D,-14.5,D,-16.6,D,,,24,24,,-15.6,24,D,
2024-02-16T20:00:00Z,D,-12.6,D,-25.3,D,,,24,24,,-19,24,D,
2024-02-17T20:00:00Z,D,-16.2,D,-23.3,D,,,24,24,,-19.8,24,D,
2024-02-18T20:00:00Z,D,-15.8,D,-25,D,,,24,24,,-20.4,24,D,
2024-02-19T20:00:00Z,D,-13.6,D,-18.6,D,,,24,24,,-16.1,24,D,
2024-02-20T20:00:00Z,D,-14.2,D,-18,D,,,24,24,,-16.1,24,D,
2024-02-21T20:00:00Z,D,-15,D,-27,D,,,24,24,,-21,24,D,
2024-02-22T20:00:00Z,D,-17.6,D,-24.5,D,,,24,24,,-21.1,24,D,
2024-02-23T20:00:00Z,D,-17.7,D,-23.4,D,,,24,24,,-20.6,24,D,
2024-02-24T20:00:00Z,D,-12.3,D,-21.8,D,,,24,24,,-17.1,24,D,
2024-02-25T20:00:00Z,D,-9.1,D,-21.3,D,,,24,24,,-15.2,24,D,
2024-02-26T20:00:00Z,D,-11.8,D,-22.4,D,,,24,24,,-17.1,24,D,
2024-02-27T20:00:00Z,D,-16.6,D,-28,D,,,24,24,,-22.3,24,D,
2024-02-28T20:00:00Z,D,-15.4,D,-29.1,D,,,24,24,,-22.3,24,D,
2024-02-29T20:00:00Z,D,-18.5,D,-27.4,D,,,24,24,,-23,24,D,
2024-03-01T20:00:00Z,D,-17.7,D,-27.4,D,,,24,24,,-22.6,24,D,
2024-03-02T20:00:00Z,D,-19,D,-27.5,D,,,24,24,,-23.3,24,D,
2024-03-03T20:00:00Z,D,-20.5,D,-24.6,D,,,24,24,,-22.6,24,D,
2024-03-04T20:00:00Z,D,-18.8,D,-30.3,D,,,24,24,,-24.6,24,D,
2024-03-05T20:00:00Z,D,-15.1,D,-26.2,D,,,24,24,,-20.7,24,D,
2024-03-06T20:00:00Z,D,-13.5,D,-24,D,,,24,24,,-18.8,24,D,
2024-03-07T20:00:00Z,D,-14.6,D,-24.7,D,,,24,24,,-19.7,24,D,
2024-03-08T20:00:00Z,D,-12.8,D,-20.4,D,,,24,24,,-16.6,24,D,
2024-03-09T20:00:00Z,D,-14.4,D,-25.7,D,,,24,24,,-20.1,24,D,
2024-03-10T20:00:00Z,D,-11.5,D,-24.2,D,,,24,24,,-17.9,24,D,
2024-03-11T20:00:00Z,D,-11.7,D,-20.7,D,,,24,24,,-16.2,24,D,
2024-03-12T20:00:00Z,D,-17.2,D,-22.4,D,,,24,24,,-19.8,24,D,
2024-03-13T20:00:00Z,D,-19.8,D,-23.2,D,,,24,24,,-21.5,24,D,
2024-03-14T20:00:00Z,D,-20.3,D,-24.8,D,,,24,24,,-22.6,24,D,
2024-03-15T20:00:00Z,D,-12.7,D,-23.5,D,,,24,24,,-18.1,24,D,
2024-03-16T20:00:00Z,D,-10.9,D,-26,D,,,24,24,,-18.5,24,D,
2024-03-17T20:00:00Z,D,-15.5,D,-27.1,D,,,24,24,,-21.3,24,D,
2024-03-18T20:00:00Z,D,-11.2,D,-25.9,D,,,24,24,,-18.6,24,D,
2024-03-19T20:00:00Z,D,-19.3,D,-27.7,D,,,24,24,,-23.5,24,D,
2024-03-20T20:00:00Z,D,-17.1,D,-25.8,D,,,24,24,,-21.5,24,D,
2024-03-21T20:00:00Z,D,-15.4,D,-23.8,D,,,24,24,,-19.6,24,D,
2024-03-22T20:00:00Z,D,-14.6,D,-18.6,D,,,24,24,,-16.6,24,D,
2024-03-23T20:00:00Z,D,-16.2,D,-26.1,D,,,24,24,,-21.2,24,D,
2024-03-24T20:00:00Z,D,-19.6,D,-25.2,D,,,24,24,,-22.4,24,D,
2024-03-25T20:00:00Z,D,-16.7,D,-22.7,D,,,24,24,,-19.7,24,D,
2024-03-26T20:00:00Z,D,-13.3,D,-28.8,D,,,24,24,,-21.1,24,D,
2024-03-27T20:00:00Z,D,-21.6,D,-33.2,D,,,24,24,,-27.4,24,D,
2024-03-28T20:00:00Z,D,-12.7,D,-27.8,D,,,24,24,,-20.3,24,D,
2024-03-29T20:00:00Z,D,-13.7,D,-22.8,D,,,24,24,,-18.3,24,D,
2024-03-30T20:00:00Z,D,-15.1,D,-22.1,D,,,24,24,,-18.6,24,D,
2024-03-31T20:00:00Z,D,-11.6,D,-23.7,D,,,24,24,,-17.7,24,D,
2024-04-01T20:00:00Z,D,-13.8,D,-23.4,D,,,24,24,,-18.6,24,D,
2024-04-02T20:00:00Z,D,-12.5,D,-16.2,D,,,24,24,,-14.4,24,D,
2024-04-03T20:00:00Z,D,-14.8,D,-23.2,D,,,24,24,,-19,24,D,
2024-04-04T20:00:00Z,D,-22.3,D,-26.2,D,,,24,24,,-24.3,24,D,
2024-04-05T20:00:00Z,D,-18.1,D,-25.3,D,,,24,24,,-21.7,24,D,
2024-04-06T21:00:00Z,D,-18.9,D,-27.9,D,,,24,24,,-23.4,24,D,
2024-04-07T21:00:00Z,D,-25.5,D,-33.3,D,,,24,24,,-29.4,24,D,
2024-04-08T21:00:00Z,D,-24.6,D,-39.4,D,,,24,24,,-32,24,D,
2024-04-09T21:00:00Z,D,-21.3,D,-38.8,D,,,24,24,,-30.1,24,D,
2024-04-10T21:00:00Z,D,-18.1,D,-31.2,D,,,24,24,,-24.7,24,D,
2024-04-11T21:00:00Z,D,-18.2,D,-30.1,D,,,24,24,,-24.2,24,D,
2024-04-12T21:00:00Z,D,-20.4,D,-33.6,D,,,24,24,,-27,24,D,
2024-04-13T21:00:00Z,D,-13.4,D,-30,D,,,24,24,,-21.7,24,D,
2024-04-14T21:00:00Z,D,-10.7,D,-15.4,D,,,24,24,,-13,24,D,
2024-04-15T21:00:00Z,D,-10.4,D,-20.2,D,,,24,24,,-15.3,24,D,63
2024-04-16T21:00:00Z,D,-10.7,D,-17.2,D,,,24,24,,-14,24,D,76
2024-04-17T21:00:00Z,D,-10.5,D,-15.8,D,,,24,24,,-13.2,24,D,71
2024-04-18T21:00:00Z,D,-9.8,D,-14.4,D,,,24,24,,-12.1,24,D,65
2024-04-19T21:00:00Z,D,-14.2,D,-24.3,D,,,24,24,,-19.3,24,D,79
2024-04-20T21:00:00Z,D,-15.8,D,-21.7,D,,,24,24,,-18.8,24,D,76
2024-04-21T21:00:00Z,D,-18.4,D,-28.5,D,,,24,24,,-23.5,24,D,76
2024-04-22T21:00:00Z,D,-21.2,D,-28.6,D,,,24,24,,-24.9,24,D,64
2024-04-23T21:00:00Z,D,-20,D,-33.7,D,,,24,24,,-26.9,24,D,75
2024-04-24T21:00:00Z,D,-22.2,D,-30.6,D,,,24,24,,-26.4,24,D,72
2024-04-25T21:00:00Z,D,-21.1,D,-31.7,D,,,24,24,,-26.4,24,D,74
2024-04-26T21:00:00Z,D,-21.5,D,-32.8,D,,,24,24,,-27.2,24,D,71
2024-04-27T21:00:00Z,D,-23.6,D,-31,D,,,24,24,,-27.3,24,D,75
2024-04-28T21:00:00Z,D,-18.7,D,-27.1,D,,,24,24,,-22.9,24,D,72
2024-04-29T21:00:00Z,D,-14.4,D,-30.8,D,,,24,24,,-22.6,24,D,75
2024-04-30T21:00:00Z,D,-26.4,D,-33,D,,,24,24,,-29.7,24,D,74
2024-05-01T21:00:00Z,D,-21.4,D,-33.1,D,,,24,24,,-27.3,24,D,74
2024-05-02T21:00:00Z,D,-20.2,D,-27.8,D,,,24,24,,-24,24,D,71
2024-05-03T21:00:00Z,D,-24.3,D,-37.1,D,,,24,24,,-30.7,24,D,67
2024-05-04T21:00:00Z,D,-12.5,D,-35.6,D,,,24,24,,-24.1,24,D,58
2024-05-05T21:00:00Z,D,-9.3,D,-21.2,D,,,24,24,,-15.3,24,D,77
2024-05-06T21:00:00Z,D,-11.4,D,-19.5,D,,,24,24,,-15.5,24,D,81
2024-05-07T21:00:00Z,D,-14.9,D,-20.6,D,,,24,24,,-17.8,24,D,78
2024-05-08T21:00:00Z,D,-18.1,D,-26.2,D,,,24,24,,-22.2,24,D,61
2024-05-09T21:00:00Z,D,-18.2,D,-27.4,D,,,24,24,,-22.8,24,D,56
2024-05-10T21:00:00Z,D,-21.9,D,-32.7,D,,,24,24,,-27.3,24,D,62
2024-05-11T21:00:00Z,D,-24.3,D,-31,D,,,24,24,,-27.7,24,D,60
2024-05-12T21:00:00Z,D,-24.9,D,-33.9,D,,,24,24,,-29.4,24,D,71
2024-05-13T21:00:00Z,D,-15.8,D,-29.8,D,,,24,24,,-22.8,24,D,63
2024-05-14T21:00:00Z,D,-15.6,D,-34.8,D,,,24,24,,-25.2,24,D,75
2024-05-15T21:00:00Z,D,-13.8,D,-25.7,D,,,24,24,,-19.8,24,D,70
2024-05-16T21:00:00Z,D,-20.7,D,-26.4,D,,,24,24,,-23.6,24,D,75
2024-05-17T21:00:00Z,D,-18.5,D,-27.9,D,,,24,24,,-23.2,24,D,77
2024-05-18T21:00:00Z,D,-21.4,D,-31.3,D,,,24,24,,-26.3,24,D,76
2024-05-19T21:00:00Z,D,-27.1,D,-37.7,D,,,24,24,,-32.4,24,D,74
2024-05-20T21:00:00Z,D,-27.1,D,-33,D,,,24,24,,-30.1,24,D,74
2024-05-21T21:00:00Z,D,-24.8,D,-33.8,D,,,24,24,,-29.3,24,D,74
2024-05-22T21:00:00Z,D,-27.1,D,-39.8,D,,,24,24,,-33.5,24,D,72
2024-05-23T21:00:00Z,D,-23.4,D,-41,D,,,24,24,,-32.2,24,D,73
2024-05-24T21:00:00Z,D,-26.8,D,-36.2,D,,,24,24,,-31.5,24,D,72
2024-05-25T21:00:00Z,D,-25,D,-36.4,D,,,24,24,,-30.7,24,D,73
2024-05-26T21:00:00Z,D,-25.2,D,-34.7,D,,,24,24,,-30,24,D,75
2024-05-27T21:00:00Z,D,-25.1,D,-39.4,D,,,24,24,,-32.3,24,D,73
2024-05-28T21:00:00Z,D,-24.3,D,-38.2,D,,,24,24,,-31.3,24,D,63
2024-05-29T21:00:00Z,D,-27.5,D,-36.6,D,,,24,24,,-32.1,24,D,67
2024-05-30T21:00:00Z,D,-8.4,D,-34.4,D,,,24,24,,-21.4,24,D,68
2024-05-31T21:00:00Z,D,-8.1,D,-15.2,D,,,24,24,,-11.7,24,D,89
2024-06-01T21:00:00Z,D,-9.6,D,-16.8,D,,,24,24,,-13.2,24,D,88
2024-06-02T21:00:00Z,D,-15.1,D,-23.1,D,,,24,24,,-19.1,24,D,81
2024-06-03T21:00:00Z,D,-20,D,-33.9,D,,,24,24,,-27,24,D,70
2024-06-04T21:00:00Z,D,-23,D,-33.9,D,,,24,24,,-28.5,24,D,72
2024-06-05T21:00:00Z,D,-22.7,D,-32.2,D,,,24,24,,-27.5,24,D,77
2024-06-06T21:00:00Z,D,-18.2,D,-30.2,D,,,24,24,,-24.2,24,D,79
2024-06-07T21:00:00Z,D,-15.4,D,-26.4,D,,,24,24,,-20.9,24,D,71
2024-06-08T21:00:00Z,D,-17.2,D,-26,D,,,24,24,,-21.6,24,D,75
2024-06-09T21:00:00Z,D,-8.2,D,-17.8,D,,,24,24,,-13,24,D,67
2024-06-10T21:00:00Z,D,-8.2,D,-28.3,D,,,24,24,,-18.3,24,D,71
2024-06-11T21:00:00Z,D,-15.5,D,-28,D,,,24,24,,-21.8,24,D,80
2024-06-12T21:00:00Z,D,-12.1,D,-21.8,D,,,24,24,,-17,24,D,82
2024-06-13T21:00:00Z,D,-17,D,-23.7,D,,,24,24,,-20.4,24,D,83
2024-06-14T21:00:00Z,D,-17.8,D,-26.7,D,,,24,24,,-22.3,24,D,76
2024-06-15T21:00:00Z,D,-16.1,D,-22.4,D,,,24,24,,-19.3,24,D,71
2024-06-16T21:00:00Z,D,-13.1,D,-26.8,D,,,24,24,,-20,24,D,58
2024-06-17T21:00:00Z,D,-18.1,D,-26.1,D,,,24,24,,-22.1,24,D,76
2024-06-18T21:00:00Z,D,-23.6,D,-31.8,D,,,24,24,,-27.7,24,D,69
2024-06-19T21:00:00Z,D,-16.6,D,-31.2,D,,,24,24,,-23.9,24,D,61
2024-06-20T21:00:00Z,D,-15.9,D,-22.2,D,,,24,24,,-19.1,24,D,67
2024-06-21T21:00:00Z,D,-18.8,D,-27.7,D,,,24,24,,-23.3,24,D,74
2024-06-22T21:00:00Z,D,-22.3,D,-34.2,D,,,24,24,,-28.3,24,D,71
2024-06-23T21:00:00Z,D,-30.5,D,-37.2,D,,,24,24,,-33.9,24,D,71
2024-06-24T21:00:00Z,D,-22.2,D,-38.2,D,,,24,24,,-30.2,24,D,72
2024-06-25T21:00:00Z,D,-19.3,D,-28.3,D,,,24,24,,-23.8,24,D,75
2024-06-26T21:00:00Z,D,-15.6,D,-30.3,D,,,24,24,,-23,24,D,67
2024-06-27T21:00:00Z,D,-18.6,D,-32.7,D,,,24,24,,-25.7,24,D,72
2024-06-28T21:00:00Z,D,-14.4,D,-25.6,D,,,24,24,,-20,24,D,73
2024-06-29T21:00:00Z,D,-13.5,D,-29.8,D,,,24,24,,-21.7,24,D,77
2024-06-30T21:00:00Z,D,-9.8,D,-21.9,D,,,24,24,,-15.9,24,D,68
2024-07-01T21:00:00Z,D,-17.5,D,-26.3,D,,,24,24,,-21.9,24,D,58
2024-07-02T21:00:00Z,D,-21.4,D,-27.7,D,,,24,24,,-24.6,24,D,61
2024-07-03T21:00:00Z,D,-21.7,D,-36.4,D,,,24,24,,-29.1,24,D,76
2024-07-04T21:00:00Z,D,-12.5,D,-29.4,D,,,24,24,,-21,24,D,67
2024-07-05T21:00:00Z,D,-20.5,D,-30,D,,,24,24,,-25.3,24,D,78
2024-07-06T21:00:00Z,D,-24,D,-32.7,D,,,24,24,,-28.4,24,D,66
2024-07-07T21:00:00Z,D,-16.7,D,-34,D,,,24,24,,-25.4,24,D,67
2024-07-08T21:00:00Z,D,-14.7,D,-29.3,D,,,24,24,,-22,24,D,65
2024-07-09T21:00:00Z,D,-21.1,D,-36,D,,,24,24,,-28.6,24,D,62
2024-07-10T21:00:00Z,D,-19.9,D,-30.6,D,,,24,24,,-25.3,24,D,73
2024-07-11T21:00:00Z,D,-29.1,D,-35.2,D,,,24,24,,-32.2,24,D,70
2024-07-12T21:00:00Z,D,-30.1,D,-39.9,D,,,24,24,,-35,24,D,70
2024-07-13T21:00:00Z,D,-28.2,D,-40.3,D,,,24,24,,-34.3,24,D,69
2024-07-14T21:00:00Z,D,-28.7,D,-47,D,,,24,24,,-37.9,24,D,70
2024-07-15T21:00:00Z,D,-25.1,D,-41.8,D,,,24,24,,-33.5,24,D,55
2024-07-16T21:00:00Z,D,-25.4,D,-39.5,D,,,24,24,,-32.5,24,D,59
2024-07-17T21:00:00Z,D,-14.8,D,-37.6,D,,,24,24,,-26.2,24,D,56
2024-07-18T21:00:00Z,D,-13.1,D,-19.5,D,,,24,24,,-16.3,24,D,65
2024-07-19T21:00:00Z,D,-14.5,D,-22.6,D,,,24,24,,-18.6,24,D,68
2024-07-20T21:00:00Z,D,-18.1,D,-33.2,D,,,24,24,,-25.7,24,D,68
2024-07-21T21:00:00Z,D,-22,D,-35.4,D,,,24,24,,-28.7,24,D,64
2024-07-22T21:00:00Z,D,-20.1,D,-32.7,D,,,24,24,,-26.4,24,D,64
2024-07-23T21:00:00Z,D,-18.9,D,-29.5,D,,,24,24,,-24.2,24,D,70
2024-07-24T21:00:00Z,D,-8.7,D,-30.8,D,,,24,24,,-19.8,24,D,67
2024-07-25T21:00:00Z,D,-17.9,D,-27.1,D,,,24,24,,-22.5,24,D,49
2024-07-26T21:00:00Z,D,-24.4,D,-36,D,,,24,24,,-30.2,24,D,60
2024-07-27T21:00:00Z,D,-27.7,D,-41.4,D,,,24,24,,-34.6,24,D,72
2024-07-28T21:00:00Z,D,-25.6,D,-37.8,D,,,24,24,,-31.7,24,D,72
2024-07-29T21:00:00Z,D,-14.2,D,-35.3,D,,,24,24,,-24.8,24,D,50
2024-07-30T21:00:00Z,D,-15.8,D,-31.8,D,,,24,24,,-23.8,24,D,54
2024-07-31T21:00:00Z,D,-15.3,D,-32.8,D,,,24,24,,-24.1,24,D,59
2024-08-01T21:00:00Z,D,-7.2,D,-21,D,,,24,24,,-14.1,24,D,57
2024-08-02T21:00:00Z,D,-9.8,D,-19.1,D,,,24,24,,-14.5,24,D,86
2024-08-03T21:00:00Z,D,-9.2,D,-15.2,D,,,24,24,,-12.2,24,D,81
2024-08-04T21:00:00Z,D,-10.8,D,-21,D,,,24,24,,-15.9,24,D,75
2024-08-05T21:00:00Z,D,-15.9,D,-24.2,D,,,24,24,,-20.1,24,D,68
2024-08-06T21:00:00Z,D,-15.8,D,-31.3,D,,,24,24,,-23.6,24,D,63
2024-08-07T21:00:00Z,D,-11.8,D,-27.5,D,,,24,24,,-19.7,24,D,74
2024-08-08T21:00:00Z,D,-10.2,D,-18.4,D,,,24,24,,-14.3,24,D,75
2024-08-09T21:00:00Z,D,-11.8,D,-18.8,D,,,24,24,,-15.3,24,D,71
2024-08-10T21:00:00Z,D,-12.5,D,-22,D,,,24,24,,-17.3,24,D,75
2024-08-11T21:00:00Z,D,-9.6,D,-21.5,D,,,24,24,,-15.6,24,D,70
2024-08-12T21:00:00Z,D,-12.9,D,-23.5,D,,,24,24,,-18.2,24,D,54
2024-08-13T21:00:00Z,D,-16.1,D,-26.2,D,,,24,24,,-21.2,24,D,49
2024-08-14T21:00:00Z,D,-18.4,D,-27.9,D,,,24,24,,-23.2,24,D,57
2024-08-15T21:00:00Z,D,-19.2,D,-31.4,D,,,24,24,,-25.3,24,D,76
2024-08-16T21:00:00Z,D,-20.8,D,-31.3,D,,,24,24,,-26.1,24,D,64
2024-08-17T21:00:00Z,D,-13.9,D,-27,D,,,24,24,,-20.5,24,D,62
2024-08-18T21:00:00Z,D,-13.7,D,-24.5,D,,,24,24,,-19.1,24,D,59
2024-08-19T21:00:00Z,D,-20,D,-33.9,D,,,24,24,,-27,24,D,73
2024-08-20T21:00:00Z,D,-17.9,D,-29.8,D,,,24,24,,-23.8,24,D,65
2024-08-21T21:00:00Z,D,-18.6,D,-25,D,,,24,24,,-21.8,24,D,65
2024-08-22T21:00:00Z,D,-19.3,D,-27.3,D,,,24,24,,-23.3,24,D,75
2024-08-23T21:00:00Z,D,-23.2,D,-35.1,D,,,24,24,,-29.2,24,D,77
2024-08-24T21:00:00Z,D,-25.2,D,-29.7,D,,,24,24,,-27.5,24,D,76
2024-08-25T21:00:00Z,D,-28.2,D,-37,D,,,24,24,,-32.6,24,D,72
2024-08-26T21:00:00Z,D,-22.7,D,-37.5,D,,,24,24,,-30.1,24,D,74
2024-08-27T21:00:00Z,D,-22.8,D,-34.7,D,,,24,24,,-28.8,24,D,65
2024-08-28T21:00:00Z,D,-27.9,D,-47.5,D,,,24,24,,-37.7,24,D,67
2024-08-29T21:00:00Z,D,-33,D,-43,D,,,24,24,,-38,24,D,66
2024-08-30T21:00:00Z,D,-29.6,D,-38.3,D,,,24,24,,-34,24,D,70
2024-08-31T21:00:00Z,D,-22,D,-45,D,,,24,24,,-33.5,24,D,67
2024-09-01T21:00:00Z,D,-12.1,D,-25.8,D,,,24,24,,-19,24,D,72
2024-09-02T21:00:00Z,D,-8.8,D,-24.6,D,,,24,24,,-16.7,24,D,55
2024-09-03T21:00:00Z,D,-9.8,D,-31.3,D,,,24,24,,-20.6,24,D,63
2024-09-04T21:00:00Z,D,-21.9,D,-39.8,D,,,24,24,,-30.8,24,D,74
2024-09-05T21:00:00Z,D,-21.7,D,-37.8,D,,,24,24,,-29.8,24,D,63
2024-09-06T21:00:00Z,D,-25.3,D,-39,D,,,24,24,,-32.2,24,D,69
2024-09-07T21:00:00Z,D,-24.1,D,-36.1,D,,,24,24,,-30.1,24,D,70
2024-09-08T21:00:00Z,D,-28.4,D,-38.2,D,,,24,24,,-33.3,24,D,70
2024-09-09T21:00:00Z,D,-27.8,D,-40.6,D,,,24,24,,-34.2,24,D,70
2024-09-10T21:00:00Z,D,-21.2,D,-35.4,D,,,24,24,,-28.3,24,D,64
2024-09-11T21:00:00Z,D,-23.7,D,-33.9,D,,,24,24,,-28.8,24,D,69
2024-09-12T21:00:00Z,D,-23.4,D,-36.8,D,,,24,24,,-30.1,24,D,74
2024-09-13T21:00:00Z,D,-24.8,D,-36.2,D,,,24,24,,-30.5,24,D,72
2024-09-14T21:00:00Z,D,-27.5,D,-38.3,D,,,24,24,,-32.9,24,D,70
2024-09-15T21:00:00Z,D,-28.4,D,-39.7,D,,,24,24,,-34.1,24,D,71
2024-09-16T21:00:00Z,D,-28.9,D,-40.3,D,,,24,24,,-34.6,24,D,71
2024-09-17T21:00:00Z,D,-26,D,-35.7,D,,,24,24,,-30.9,24,D,71
2024-09-18T21:00:00Z,D,-15.2,D,-35.2,D,,,24,24,,-25.2,24,D,74
2024-09-19T21:00:00Z,D,-14.1,D,-27.4,D,,,24,24,,-20.8,24,D,59
2024-09-20T21:00:00Z,D,-20.8,D,-27.2,D,,,24,24,,-24,24,D,62
2024-09-21T21:00:00Z,D,-21.4,D,-27.9,D,,,24,24,,-24.7,24,D,69
2024-09-22T21:00:00Z,D,-21.4,D,-29.5,D,,,24,24,,-25.5,24,D,79
2024-09-23T21:00:00Z,D,-27.5,D,-40.7,D,,,24,24,,-34.1,24,D,56
2024-09-24T21:00:00Z,D,-28.5,D,-36.9,D,,,24,24,,-32.7,24,D,64
2024-09-25T21:00:00Z,D,-22.9,D,-36.8,D,,,24,24,,-29.8,24,D,58
2024-09-26T21:00:00Z,D,-23.2,D,-33,D,,,24,24,,-28.1,24,D,55
2024-09-27T21:00:00Z,D,-21.9,D,-31.7,D,,,24,24,,-26.8,24,D,57
2024-09-28T20:00:00Z,D,-24.9,D,-35,D,,,24,24,,-30,24,D,47
2024-09-29T20:00:00Z,D,-18.6,D,-35.2,D,,,24,24,,-26.9,24,D,47
2024-09-30T20:00:00Z,D,-16.6,D,-21,D,,,24,24,,-18.8,24,D,59
2024-10-01T20:00:00Z,D,-15.8,D,-25.8,D,,,24,24,,-20.8,24,D,63
2024-10-02T20:00:00Z,D,-15.5,D,-26.3,D,,,24,24,,-20.9,24,D,75
2024-10-03T20:00:00Z,D,-20.1,D,-25.8,D,,,24,24,,-23,24,D,75
2024-10-04T20:00:00Z,D,-15.6,D,-28.6,D,,,24,24,,-22.1,24,D,64
2024-10-05T20:00:00Z,D,-20,D,-28.2,D,,,24,24,,-24.1,24,D,65
2024-10-06T20:00:00Z,D,-15.1,D,-24.4,D,,,24,24,,-19.8,24,D,72
2024-10-07T20:00:00Z,D,-13.8,D,-27.8,D,,,24,24,,-20.8,24,D,77
2024-10-08T20:00:00Z,D,-19.8,D,-31.2,D,,,24,24,,-25.5,24,D,78
2024-10-09T20:00:00Z,D,-19.8,D,-31.9,D,,,24,24,,-25.8,24,D,67
2024-10-10T20:00:00Z,D,-16.7,D,-22.1,D,,,24,24,,-19.4,24,D,64
2024-10-11T20:00:00Z,D,-13.8,D,-19,D,,,24,24,,-16.4,24,D,59
2024-10-12T20:00:00Z,D,-11.8,D,-16.3,D,,,24,24,,-14,24,D,75
2024-10-13T20:00:00Z,D,-12.2,D,-18.7,D,,,24,24,,-15.5,24,D,72
2024-10-14T20:00:00Z,D,-10.4,D,-20.8,D,,,24,24,,-15.6,24,D,64
2024-10-15T20:00:00Z,D,-17.4,D,-26.4,D,,,24,24,,-21.9,24,D,64
2024-10-16T20:00:00Z,D,-18.4,D,-26,D,,,24,24,,-22.2,24,D,54
2024-10-17T20:00:00Z,D,-21.2,D,-27.2,D,,,24,24,,-24.2,24,D,67
2024-10-18T20:00:00Z,D,-15,D,-24.6,D,,,24,24,,-19.8,24,D,59
2024-10-19T20:00:00Z,D,-11.4,D,-18.4,D,,,24,24,,-14.9,24,D,51
2024-10-20T20:00:00Z,D,-11.6,D,-23.2,D,,,24,24,,-17.4,24,D,49
2024-10-21T20:00:00Z,D,-10.7,D,-21.2,D,,,24,24,,-16,24,D,43
2024-10-22T20:00:00Z,D,-8.8,D,-18.9,D,,,24,24,,-13.9,24,D,55
2024-10-23T20:00:00Z,D,-10.3,D,-19,D,,,24,24,,-14.7,24,D,53
2024-10-24T20:00:00Z,D,-12,D,-19.1,D,,,24,24,,-15.6,24,D,54
2024-10-25T20:00:00Z,D,-5.9,D,-15.7,D,,,24,24,,-10.8,24,D,51
2024-10-26T20:00:00Z,D,-6.2,D,-18.2,D,,,24,24,,-12.2,24,D,44
2024-10-27T20:00:00Z,D,-6.3,D,-18.6,D,,,24,24,,-12.5,24,D,43
2024-10-28T20:00:00Z,D,-4.6,D,-11.3,D,,,24,24,,-8,24,D,49
2024-10-29T20:00:00Z,D,-3.6,D,-13,D,,,24,24,,-8.3,24,D,48
2024-10-30T20:00:00Z,D,-4.7,D,-14.1,D,,,24,24,,-9.4,24,D,61
2024-10-31T20:00:00Z,D,-5.1,D,-14.7,D,,,24,24,,-9.9,24,D,46
2024-11-01T20:00:00Z,D,-10.6,D,-23.5,D,,,24,24,,-17.1,24,D,64
2024-11-02T20:00:00Z,D,-14,D,-19.1,D,,,24,24,,-16.6,24,D,54
2024-11-03T20:00:00Z,D,-10.6,D,-20.9,D,,,24,24,,-15.8,24,D,60
2024-11-04T20:00:00Z,D,-14.1,D,-18.5,D,,,24,24,,-16.3,24,D,72
2024-11-05T20:00:00Z,D,-11.8,D,-20.4,D,,,24,24,,-16.1,24,D,65
2024-11-06T20:00:00Z,D,-10.4,D,-20.5,D,,,24,24,,-15.5,24,D,69
2024-11-07T20:00:00Z,D,-10.4,D,-17.2,D,,,24,24,,-13.8,24,D,61
2024-11-08T20:00:00Z,D,-9.8,D,-20.4,D,,,24,24,,-15.1,24,D,54
2024-11-09T20:00:00Z,D,-9,D,-17,D,,,24,24,,-13,24,D,61
2024-11-10T20:00:00Z,D,-7.1,D,-15.8,D,,,24,24,,-11.5,24,D,54
2024-11-11T20:00:00Z,D,-7.4,D,-19.8,D,,,24,24,,-13.6,24,D,69
2024-11-12T20:00:00Z,D,-10.9,D,-19.2,D,,,24,24,,-15.1,24,D,65
2024-11-13T20:00:00Z,D,-7,D,-17,D,,,24,24,,-12,24,D,62
2024-11-14T20:00:00Z,D,-9.5,D,-21.4,D,,,24,24,,-15.5,24,D,67
2024-11-15T20:00:00Z,D,-12.3,D,-19.2,D,,,24,24,,-15.8,24,D,75
2024-11-16T20:00:00Z,D,-9.6,D,-20.8,D,,,24,24,,-15.2,24,D,69
2024-11-17T20:00:00Z,D,-16.7,D,-21.1,D,,,24,24,,-18.9,24,D,71
2024-11-18T20:00:00Z,D,-13.2,D,-19.3,D,,,24,24,,-16.3,24,D,73
2024-11-19T20:00:00Z,D,-8.2,D,-18.3,D,,,24,24,,-13.3,24,D,66
2024-11-20T20:00:00Z,D,-6.9,D,-19.3,D,,,24,24,,-13.1,24,D,71
2024-11-21T20:00:00Z,D,-13.8,D,-21.1,D,,,24,24,,-17.5,24,D,71
2024-11-22T20:00:00Z,D,-6.8,D,-18.2,D,,,24,24,,-12.5,24,D,72
2024-11-23T20:00:00Z,D,-6.4,D,-12.2,D,,,24,24,,-9.3,24,D,83
2024-11-24T20:00:00Z,D,-7.1,D,-15.8,D,,,24,24,,-11.5,24,D,80
2024-11-25T20:00:00Z,D,-6.7,D,-14.2,D,,,24,24,,-10.5,24,D,63
2024-11-26T20:00:00Z,D,-4.4,D,-11.3,D,,,24,24,,-7.9,24,D,55
2024-11-27T20:00:00Z,D,-2.8,D,-10.8,D,,,24,24,,-6.8,24,D,64
2024-11-28T20:00:00Z,D,-5.9,D,-15.2,D,,,24,24,,-10.6,24,D,50
2024-11-29T20:00:00Z,D,-6.3,D,-10.3,D,,,24,24,,-8.3,24,D,51
2024-11-30T20:00:00Z,D,-5.4,D,-9.8,D,,,24,24,,-7.6,24,D,56
2024-12-01T20:00:00Z,D,-6.4,D,-11,D,,,24,24,,-8.7,24,D,77
2024-12-02T20:00:00Z,D,-2.2,D,-6.5,D,,,24,24,,-4.4,24,D,58
2024-12-03T20:00:00Z,D,-1.8,D,-5.4,D,,,24,24,,-3.6,24,D,51
2024-12-04T20:00:00Z,D,-1.3,D,-6.7,D,,,24,24,,-4,24,D,44
2024-12-05T20:00:00Z,D,0.5,D,-5.1,D,,,24,24,,-2.3,24,D,48
2024-12-06T20:00:00Z,D,3.1,D,-5.1,D,,,24,24,,-1,24,D,74
2024-12-07T20:00:00Z,D,0,D,-5.5,D,,,24,24,,-2.8,24,D,74
2024-12-08T20:00:00Z,D,1.5,D,-4.3,D,,,24,24,,-1.4,24,D,65
2024-12-09T20:00:00Z,D,-1.4,D,-4.3,D,,,24,24,,-2.9,24,D,88
2024-12-10T20:00:00Z,D,-0.6,D,-6.4,D,,,24,24,,-3.5,24,D,76
2024-12-11T20:00:00Z,D,0.6,D,-3.6,D,,,24,24,,-1.5,24,D,64
2024-12-12T20:00:00Z,D,0.9,D,-6.5,D,,,24,24,,-2.8,24,D,68
2024-12-13T20:00:00Z,D,2.3,D,-5,D,,,24,24,,-1.4,24,D,61
2024-12-14T20:00:00Z,D,0.8,D,-9.3,D,,,24,24,,-4.3,24,D,74
2024-12-15T20:00:00Z,D,-5.8,D,-9.7,D,,,24,24,,-7.8,24,D,78
2024-12-16T20:00:00Z,D,-1.4,D,-9.1,D,,,24,24,,-5.3,24,D,70
2024-12-17T20:00:00Z,D,2.6,D,-4.5,D,,,24,24,,-1,24,D,74
2024-12-18T20:00:00Z,D,3.2,D,-2.8,D,,,24,24,,0.2,24,D,69
2024-12-19T20:00:00Z,D,3.9,D,-2.5,D,,,24,24,,0.7,24,D,64
2024-12-20T20:00:00Z,D,2,D,-3.5,D,,,24,24,,-0.8,24,D,62
2024-12-21T20:00:00Z,D,1,D,-3.1,D,,,24,24,,-1.1,24,D,65
2024-12-22T20:00:00Z,D,0.9,D,-2.9,D,,,24,24,,-1,24,D,72
2024-12-23T20:00:00Z,D,-0.2,D,-6.9,D,,,24,24,,-3.6,24,D,78
2024-12-24T20:00:00Z,D,0.5,D,-8.7,D,,,24,24,,-4.1,24,D,73
2024-12-25T20:00:00Z,D,1.2,D,-7.6,D,,,24,24,,-3.2,24,D,68
2024-12-26T20:00:00Z,D,1.9,D,-5.6,D,,,24,24,,-1.8,24,D,74
2024-12-27T20:00:00Z,D,-1.3,D,-5.4,D,,,24,24,,-3.4,24,D,87
2024-12-28T20:00:00Z,D,-2.5,D,-6.8,D,,,24,24,,-4.7,24,D,84
2024-12-29T20:00:00Z,D,-0.4,D,-5.3,D,,,24,24,,-2.9,24,D,76
2024-12-30T20:00:00Z,D,2.8,D,-5.1,D,,,24,24,,-1.2,24,D,67
2024-12-31T20:00:00Z,D,3.1,D,-4.9,D,,,24,24,,-0.9,24,D,64
2025-01-01T20:00:00Z,D,2.5,D,-5,D,,,24,24,,-1.3,24,D,63
2025-01-02T20:00:00Z,D,2.1,D,-4.3,D,,,24,24,,-1.1,24,D,64
2025-01-03T20:00:00Z,D,-0.1,D,-5.7,D,,,24,24,,-2.9,24,D,69
2025-01-04T20:00:00Z,D,0.5,D,-7.9,D,,,24,24,,-3.7,24,D,73
2025-01-05T20:00:00Z,D,-1.2,D,-8,D,,,24,24,,-4.6,24,D,80
2025-01-06T20:00:00Z,D,1.6,D,-6.5,D,,,24,24,,-2.5,24,D,73
2025-01-07T20:00:00Z,D,2.7,D,-6.2,D,,,24,24,,-1.7,24,D,68
2025-01-08T20:00:00Z,D,-0.4,D,-7.6,D,,,24,24,,-4,24,D,82
2025-01-09T20:00:00Z,D,-1.2,D,-6.9,D,,,24,24,,-4.1,24,D,76
2025-01-10T20:00:00Z,D,0.6,D,-8.3,D,,,24,24,,-3.9,24,D,72
2025-01-11T20:00:00Z,D,1,D,-6.9,D,,,24,24,,-3,24,D,72
2025-01-12T20:00:00Z,D,-1.8,D,-7,D,,,24,24,,-4.4,24,D,76
2025-01-13T20:00:00Z,D,1.7,D,-4.4,D,,,24,24,,-1.4,24,D,65
2025-01-14T20:00:00Z,D,0.2,D,-4,D,,,24,24,,-1.9,24,D,72
2025-01-15T20:00:00Z,D,2.3,D,-5,D,,,24,24,,-1.4,24,D,63
2025-01-16T20:00:00Z,D,8.2,D,-2.8,D,,,24,24,,2.7,24,D,37
2025-01-17T20:00:00Z,D,5,D,-3.4,D,,,24,24,,0.8,24,D,44
2025-01-18T20:00:00Z,D,4,D,-4.2,D,,,24,24,,-0.1,24,D,48
2025-01-19T20:00:00Z,D,2.7,D,-9.4,D,,,24,24,,-3.4,24,D,52
2025-01-20T20:00:00Z,D,2,D,-9,D,,,24,24,,-3.5,24,D,57
2025-01-21T20:00:00Z,D,-4.5,D,-13.1,D,,,24,24,,-8.8,24,D,78
2025-01-22T20:00:00Z,D,-4.4,D,-10.7,D,,,24,24,,-7.6,24,D,83
2025-01-23T20:00:00Z,D,-4.4,D,-10,D,,,24,24,,-7.2,24,D,80
2025-01-24T20:00:00Z,D,-6,D,-9,D,,,24,24,,-7.5,24,D,88
2025-01-25T20:00:00Z,D,-6.2,D,-8.7,D,,,24,24,,-7.5,24,D,85
2025-01-26T20:00:00Z,D,-6.3,D,-11.5,D,,,24,24,,-8.9,24,D,86
2025-01-27T20:00:00Z,D,-8.3,D,-12.4,D,,,24,24,,-10.4,24,D,90
2025-01-28T20:00:00Z,D,-8.7,D,-11.9,D,,,24,24,,-10.3,24,D,85
2025-01-29T20:00:00Z,D,-2.1,D,-12.4,D,,,24,24,,-7.3,24,D,78
2025-01-30T20:00:00Z,D,-8.8,D,-16.4,D,,,24,24,,-12.6,24,D,84
2025-01-31T20:00:00Z,D,-2.8,D,-12.4,D,,,24,24,,-7.6,24,D,61
2025-02-01T20:00:00Z,D,-4.5,D,-12,D,,,24,24,,-8.3,24,D,79
2025-02-02T20:00:00Z,D,-5.3,D,-14.9,D,,,24,24,,-10.1,24,D,67
2025-02-03T20:00:00Z,D,-1.4,D,-17,D,,,24,24,,-9.2,24,D,59
2025-02-04T20:00:00Z,D,-3.2,D,-16.8,D,,,24,24,,-10,24,D,63
2025-02-05T20:00:00Z,D,-6,D,-10.8,D,,,24,24,,-8.4,24,D,66
2025-02-06T20:00:00Z,D,-3.1,D,-8.4,D,,,24,24,,-5.8,24,D,78
2025-02-07T20:00:00Z,D,-2.7,D,-10.8,D,,,24,24,,-6.8,24,D,81
2025-02-08T20:00:00Z,D,-6.7,D,-14.8,D,,,24,24,,-10.8,24,D,74
2025-02-09T20:00:00Z,D,-8.4,D,-15.7,D,,,24,24,,-12,24,D,61
2025-02-10T20:00:00Z,D,-9.2,D,-16.1,D,,,24,24,,-12.7,24,D,65
2025-02-11T20:00:00Z,D,-11.1,D,-15.5,D,,,24,24,,-13.3,24,D,73
2025-02-18T20:00:00Z,D,-13.8,D,-19.1,D,,,24,24,,-16.5,24,D,62
2025-02-19T20:00:00Z,D,-11.7,D,-15.7,D,,,24,24,,-13.7,24,D,49
2025-02-20T20:00:00Z,D,-14,D,-16,D,,,24,24,,-15,24,D,66
2025-02-21T20:00:00Z,D,-12,D,-16.2,D,,,24,24,,-14.1,24,D,67
2025-02-22T20:00:00Z,D,-13.4,D,-15.8,D,,,24,24,,-14.6,24,D,82
2025-02-23T20:00:00Z,D,-14,D,-19.1,D,,,24,24,,-16.6,24,D,80
2025-02-24T20:00:00Z,D,-15.8,D,-20.4,D,,,24,24,,-18.1,24,D,68
2025-02-25T20:00:00Z,D,-12.7,D,-18.6,D,,,24,24,,-15.7,24,D,62
2025-02-26T20:00:00Z,D,-11.4,D,-18.5,D,,,24,24,,-15,24,D,57
2025-02-27T20:00:00Z,D,-6.1,D,-11.6,D,,,24,24,,-8.9,24,D,51
2025-02-28T20:00:00Z,D,-3.7,D,-13.6,D,,,24,24,,-8.7,24,D,73
2025-03-01T20:00:00Z,D,-8.7,D,-12.9,D,,,24,24,,-10.8,24,D,80
2025-03-02T20:00:00Z,D,-12.3,D,-16.1,D,,,24,24,,-14.2,24,D,74
2025-03-03T20:00:00Z,D,-7.8,D,-14.6,D,,,24,24,,-11.2,24,D,71
2025-03-04T20:00:00Z,D,-8.9,D,-14.9,D,,,24,24,,-11.9,24,D,83
2025-03-05T20:00:00Z,D,-13.6,D,-16.4,D,,,24,24,,-15,24,D,78
2025-03-06T20:00:00Z,D,-14.5,D,-21.7,D,,,24,24,,-18.1,24,D,77
2025-03-07T20:00:00Z,D,-12.5,D,-21.5,D,,,24,24,,-17,24,D,66
2025-03-08T20:00:00Z,D,-12.6,D,-24.1,D,,,24,24,,-18.4,24,D,77
2025-03-09T20:00:00Z,D,-8.8,D,-13.7,D,,,24,24,,-11.3,24,D,87
2025-03-10T20:00:00Z,D,-11.3,D,-21.6,D,,,24,24,,-16.5,24,D,72
2025-03-11T20:00:00Z,D,-19.3,D,-23.3,D,,,24,24,,-21.3,24,D,66
2025-03-12T20:00:00Z,D,-20.1,D,-29.7,D,,,24,24,,-24.9,24,D,57
2025-03-13T20:00:00Z,D,-14,D,-29.6,D,,,24,24,,-21.8,24,D,54
2025-03-14T20:00:00Z,D,-11.9,D,-27,D,,,24,24,,-19.5,24,D,66
2025-03-15T20:00:00Z,D,-16.4,D,-20.8,D,,,24,24,,-18.6,24,D,78
2025-03-16T20:00:00Z,D,-15.1,D,-25.7,D,,,24,24,,-20.4,24,D,74
2025-03-17T20:00:00Z,D,-16.4,D,-32,D,,,24,24,,-24.2,24,D,77
2025-03-18T20:00:00Z,D,-17.6,D,-25,D,,,24,24,,-21.3,24,D,68
2025-03-19T20:00:00Z,D,-19.4,D,-27,D,,,24,24,,-23.2,24,D,76
2025-03-20T20:00:00Z,D,-19.9,D,-27.7,D,,,24,24,,-23.8,24,D,69
2025-03-21T20:00:00Z,D,-21.2,D,-31.1,D,,,24,24,,-26.2,24,D,68
2025-03-22T20:00:00Z,D,-23.1,D,-27.9,D,,,24,24,,-25.5,24,D,65
2025-03-23T20:00:00Z,D,-25.8,D,-31.9,D,,,24,24,,-28.8,24,D,66
2025-03-24T20:00:00Z,D,-25.2,D,-29.6,D,,,24,24,,-27.4,24,D,63
2025-03-25T20:00:00Z,D,-16.6,D,-29.1,D,,,24,24,,-22.9,24,D,73
2025-03-26T20:00:00Z,D,-16.3,D,-32.4,D,,,24,24,,-24.4,24,D,78
2025-03-27T20:00:00Z,D,-22.4,D,-38.2,D,,,24,24,,-30.3,24,D,72
2025-03-28T20:00:00Z,D,-25,D,-34.8,D,,,24,24,,-29.9,24,D,62
2025-03-29T20:00:00Z,D,-25,D,-34,D,,,24,24,,-29.5,24,D,65
2025-03-30T20:00:00Z,D,-23,D,-32.9,D,,,24,24,,-28,24,D,69
2025-03-31T20:00:00Z,D,-25.4,D,-33.8,D,,,24,24,,-29.6,24,D,63
2025-04-01T20:00:00Z,D,-21.2,D,-28.3,D,,,24,24,,-24.8,24,D,71
2025-04-02T20:00:00Z,D,-18.4,D,-23.2,D,,,24,24,,-20.8,24,D,65
2025-04-03T20:00:00Z,D,-15.5,D,-25.8,D,,,24,24,,-20.7,24,D,66
2025-04-04T20:00:00Z,D,-22.8,D,-32.1,D,,,24,24,,-27.4,24,D,72
2025-04-05T21:00:00Z,D,-24.8,D,-35.8,D,,,24,24,,-30.3,24,D,62
2025-04-06T21:00:00Z,D,-22.5,D,-35.8,D,,,24,24,,-29.2,24,D,73
2025-04-07T21:00:00Z,D,-24,D,-32.8,D,,,24,24,,-28.4,24,D,63
2025-04-08T21:00:00Z,D,-18.9,D,-29.9,D,,,24,24,,-24.4,24,D,70
2025-04-09T21:00:00Z,D,-23.5,D,-35.9,D,,,24,24,,-29.7,24,D,68
2025-04-10T21:00:00Z,D,-23.7,D,-43.2,D,,,24,24,,-33.5,24,D,69
2025-04-11T21:00:00Z,D,-27.9,D,-39.4,D,,,24,24,,-33.7,24,D,62
2025-04-12T21:00:00Z,D,-28.3,D,-44.1,D,,,24,24,,-36.2,24,D,68
2025-04-13T21:00:00Z,D,-33.1,D,-41.9,D,,,24,24,,-37.5,24,D,65
2025-04-14T21:00:00Z,D,-27.8,D,-35.3,D,,,24,24,,-31.6,24,D,70
2025-04-15T21:00:00Z,D,-28.1,D,-32.8,D,,,24,24,,-30.5,24,D,67
2025-04-16T21:00:00Z,D,-20.3,D,-30.4,D,,,24,24,,-25.3,24,D,68
2025-04-17T21:00:00Z,D,-16.9,D,-23.3,D,,,24,24,,-20.1,24,D,71
2025-04-18T21:00:00Z,D,-17.6,D,-26.2,D,,,24,24,,-21.9,24,D,77
2025-04-19T21:00:00Z,D,-19.8,D,-29.3,D,,,24,24,,-24.6,24,D,60
2025-04-20T21:00:00Z,D,-19.4,D,-28.3,D,,,24,24,,-23.8,24,D,63
2025-04-21T21:00:00Z,D,-17.9,D,-28.1,D,,,24,24,,-23,24,D,71
2025-04-22T21:00:00Z,D,-14.2,D,-20.3,D,,,24,24,,-17.3,24,D,77
2025-04-23T21:00:00Z,D,-10.8,D,-22.9,D,,,24,24,,-16.9,24,D,75
2025-04-24T21:00:00Z,D,-11.3,D,-26.3,D,,,24,24,,-18.8,24,D,77
2025-04-25T21:00:00Z,D,-10.5,D,-24.3,D,,,24,24,,-17.4,24,D,79
2025-04-26T21:00:00Z,D,-8.5,D,-21.6,D,,,24,24,,-15.1,24,D,83
2025-04-27T21:00:00Z,D,-7.7,D,-21.9,D,,,24,24,,-14.8,24,D,80
2025-04-28T21:00:00Z,D,-9.9,D,-19.8,D,,,24,24,,-14.8,24,D,77
2025-04-29T21:00:00Z,D,-8.5,D,-13.7,D,,,24,24,,-11.1,24,D,80
2025-04-30T21:00:00Z,D,-7.4,D,-12.8,D,,,24,24,,-10.1,24,D,81
2025-05-01T21:00:00Z,D,-12.2,D,-26.4,D,,,24,24,,-19.3,24,D,73
2025-05-02T21:00:00Z,D,-9.8,D,-22.1,D,,,24,24,,-16,24,D,75
2025-05-03T21:00:00Z,D,-11.2,D,-23.4,D,,,24,24,,-17.3,24,D,59
2025-05-04T21:00:00Z,D,-12,D,-21.8,D,,,24,24,,-16.9,24,D,71
2025-05-05T21:00:00Z,D,-16.9,D,-27.5,D,,,24,24,,-22.2,24,D,68
2025-05-06T21:00:00Z,D,-15.8,D,-27.4,D,,,24,24,,-21.6,24,D,72
2025-05-07T21:00:00Z,D,-13.7,D,-25.4,D,,,24,24,,-19.6,24,D,72
2025-05-08T21:00:00Z,D,-13.1,D,-18.9,D,,,24,24,,-16,24,D,79
2025-05-09T21:00:00Z,D,-13.8,D,-21.4,D,,,24,24,,-17.6,24,D,78
2025-05-10T21:00:00Z,D,-13,D,-26.2,D,,,24,24,,-19.6,24,D,70
2025-05-11T21:00:00Z,D,-24.5,D,-27.5,D,,,24,24,,-26,24,D,66
2025-05-12T21:00:00Z,D,-27,D,-30.5,D,,,24,24,,-28.8,24,D,70
2025-05-13T21:00:00Z,D,-28.4,D,-34.2,D,,,24,24,,-31.3,24,D,69
2025-05-14T21:00:00Z,D,-29,D,-34.8,D,,,24,24,,-31.9,24,D,70
